# https://github.com/mikedh/trimesh
v 0.01602148 -0.01500000 -0.25924999
v 0.00000000 -0.01500000 -0.25000000
v 0.01189157 -0.01500000 -0.26417181
v 0.00632737 -0.01500000 -0.26738431
v 0.00000000 -0.01500000 -0.26850001
v -0.00632737 -0.01500000 -0.26738431
v -0.01189157 -0.01500000 -0.26417181
v -0.01602148 -0.01500000 -0.25924999
v -0.01821894 -0.01500000 -0.25321250
v -0.01821894 -0.01500000 -0.24678750
v -0.01602148 -0.01500000 -0.24075001
v 0.01602148 0.01500000 -0.25924999
v 0.01189157 0.01500000 -0.26417181
v 0.00000000 0.01500000 -0.25000000
v 0.00632737 0.01500000 -0.26738431
v 0.00000000 0.01500000 -0.26850001
v -0.00632737 0.01500000 -0.26738431
v -0.01189157 0.01500000 -0.26417181
v -0.01602148 0.01500000 -0.25924999
v -0.01821894 0.01500000 -0.25321250
v -0.01821894 0.01500000 -0.24678750
v -0.01602148 0.01500000 -0.24075001
v 0.01189157 0.01500000 -0.26417181
v 0.01602148 0.01500000 -0.25924999
v 0.01580789 0.01492565 -0.26148511
v 0.01885023 0.01422908 -0.26088318
v 0.01883702 0.01321572 -0.26368589
v 0.02108192 0.01207900 -0.26217164
v 0.02063737 0.00975296 -0.26499393
v 0.02224552 0.00900359 -0.26284345
v 0.01718790 0.00900359 -0.26908910
v 0.01499392 0.00975296 -0.27063738
v 0.01044781 0.00900359 -0.27346618
v 0.00788279 0.00975296 -0.27426068
v 0.00268501 0.00900359 -0.27554621
v 0.00000000 0.00975296 -0.27550920
v -0.00534060 0.00900359 -0.27512560
v -0.00788279 0.00975296 -0.27426068
v -0.01284346 0.00900359 -0.27224554
v -0.01499392 0.00975296 -0.27063738
v -0.01908912 0.00900359 -0.26718791
v -0.02063737 0.00975296 -0.26499393
v -0.02346617 0.00900359 -0.26044781
v -0.02426068 0.00975296 -0.25788278
v -0.02554620 0.00900359 -0.25268501
v -0.02550920 0.00975296 -0.25000000
v -0.02512560 0.00900359 -0.24465939
v -0.02426068 0.00975296 -0.24211722
v -0.02224552 0.00900359 -0.23715653
v -0.02108192 0.01207900 -0.23782834
v -0.02214423 0.01321572 -0.24280490
v -0.01885023 0.01422908 -0.23911682
v -0.01858328 0.01492565 -0.24396193
v -0.01602148 0.01500000 -0.24075001
v -0.01821894 0.01500000 -0.24678750
v -0.01953964 0.01492565 -0.25000000
v -0.01821894 0.01500000 -0.25321250
v -0.01858328 0.01492565 -0.25603808
v -0.01602148 0.01500000 -0.25924999
v -0.01580789 0.01492565 -0.26148511
v -0.01189157 0.01500000 -0.26417181
v -0.01148509 0.01492565 -0.26580788
v -0.00632737 0.01500000 -0.26738431
v -0.00603809 0.01492565 -0.26858329
v 0.00000000 0.01500000 -0.26850001
v 0.00000000 0.01492565 -0.26953963
v 0.00603809 0.01492565 -0.26858329
v 0.00719511 0.01321572 -0.27214424
v 0.01368590 0.01321572 -0.26883701
v 0.00632737 0.01500000 -0.26738431
v 0.01148509 0.01492565 -0.26580788
v 0.00000000 0.01321572 -0.27328383
v -0.00719511 0.01321572 -0.27214424
v -0.01368590 0.01321572 -0.26883701
v -0.01883702 0.01321572 -0.26368589
v -0.02214423 0.01321572 -0.25719511
v -0.02328382 0.01321572 -0.25000000
v 0.02287125 0.00301567 -0.26320474
v 0.01718790 0.00900359 -0.26908910
v 0.02143895 0.00000000 -0.26557630
v 0.01557632 0.00000000 -0.27143895
v 0.01718790 -0.00900359 -0.26908910
v 0.01044781 -0.00900359 -0.27346618
v 0.02287125 -0.00301567 -0.26320474
v 0.02224552 -0.00900359 -0.26284345
v 0.00818896 0.00000000 -0.27520299
v 0.00268501 -0.00900359 -0.27554621
v 0.00000000 0.00000000 -0.27650001
v -0.00534060 -0.00900359 -0.27512560
v -0.00818896 0.00000000 -0.27520299
v -0.01284346 -0.00900359 -0.27224554
v -0.01557632 0.00000000 -0.27143895
v -0.01908912 -0.00900359 -0.26718791
v -0.02143895 0.00000000 -0.26557630
v -0.02346617 -0.00900359 -0.26044781
v -0.02520300 0.00000000 -0.25818894
v -0.02554620 -0.00900359 -0.25268501
v -0.02650000 0.00000000 -0.25000000
v -0.02512560 -0.00900359 -0.24465939
v -0.02520300 0.00000000 -0.24181104
v -0.02263625 -0.00602049 -0.23693096
v -0.02287125 -0.00301567 -0.23679528
v -0.02224552 -0.00900359 -0.23715653
v -0.02294966 0.00000000 -0.23675001
v -0.02287125 0.00301567 -0.23679528
v -0.02263625 0.00602049 -0.23693096
v -0.02224552 0.00900359 -0.23715653
v -0.02512560 0.00900359 -0.24465939
v -0.02554620 0.00900359 -0.25268501
v -0.02346617 0.00900359 -0.26044781
v -0.01908912 0.00900359 -0.26718791
v -0.01284346 0.00900359 -0.27224554
v -0.00534060 0.00900359 -0.27512560
v 0.00268501 0.00900359 -0.27554621
v 0.01044781 0.00900359 -0.27346618
v 0.02063737 -0.00975296 -0.26499393
v 0.02224552 -0.00900359 -0.26284345
v 0.02108192 -0.01207900 -0.26217164
v 0.01883702 -0.01321572 -0.26368589
v 0.01885023 -0.01422908 -0.26088318
v 0.01580789 -0.01492565 -0.26148511
v 0.01602148 -0.01500000 -0.25924999
v 0.01189157 -0.01500000 -0.26417181
v 0.01148509 -0.01492565 -0.26580788
v 0.00632737 -0.01500000 -0.26738431
v 0.00603809 -0.01492565 -0.26858329
v 0.00000000 -0.01500000 -0.26850001
v 0.00000000 -0.01492565 -0.26953963
v -0.00603809 -0.01492565 -0.26858329
v -0.00719511 -0.01321572 -0.27214424
v -0.01368590 -0.01321572 -0.26883701
v -0.01499392 -0.00975296 -0.27063738
v -0.02063737 -0.00975296 -0.26499393
v -0.01908912 -0.00900359 -0.26718791
v -0.02346617 -0.00900359 -0.26044781
v -0.02426068 -0.00975296 -0.25788278
v -0.02554620 -0.00900359 -0.25268501
v -0.02550920 -0.00975296 -0.25000000
v -0.02512560 -0.00900359 -0.24465939
v -0.02426068 -0.00975296 -0.24211722
v -0.02224552 -0.00900359 -0.23715653
v -0.02108192 -0.01207900 -0.23782834
v -0.02214423 -0.01321572 -0.24280490
v -0.01885023 -0.01422908 -0.23911682
v -0.01858328 -0.01492565 -0.24396193
v -0.01602148 -0.01500000 -0.24075001
v -0.01821894 -0.01500000 -0.24678750
v -0.01953964 -0.01492565 -0.25000000
v -0.01821894 -0.01500000 -0.25321250
v -0.01858328 -0.01492565 -0.25603808
v -0.01602148 -0.01500000 -0.25924999
v -0.01580789 -0.01492565 -0.26148511
v -0.01189157 -0.01500000 -0.26417181
v -0.01148509 -0.01492565 -0.26580788
v -0.00632737 -0.01500000 -0.26738431
v -0.01284346 -0.00900359 -0.27224554
v -0.00788279 -0.00975296 -0.27426068
v 0.00000000 -0.01321572 -0.27328383
v -0.00534060 -0.00900359 -0.27512560
v 0.00000000 -0.00975296 -0.27550920
v 0.00719511 -0.01321572 -0.27214424
v 0.00268501 -0.00900359 -0.27554621
v 0.00788279 -0.00975296 -0.27426068
v 0.01368590 -0.01321572 -0.26883701
v 0.01044781 -0.00900359 -0.27346618
v 0.01499392 -0.00975296 -0.27063738
v 0.01718790 -0.00900359 -0.26908910
v -0.01883702 -0.01321572 -0.26368589
v -0.02214423 -0.01321572 -0.25719511
v -0.02328382 -0.01321572 -0.25000000
v -0.01257450 -0.01000001 0.00329880
v -0.01354176 -0.00973206 0.00355255
v -0.01285164 -0.01000001 0.00195844
v -0.01298631 -0.01000001 0.00059637
v -0.01397528 -0.00973206 -0.00083175
v -0.01297704 -0.01000001 -0.00077234
v -0.01424986 -0.00900001 0.00373832
v -0.01470604 -0.00900001 -0.00087523
v -0.01482880 -0.00800001 0.00225974
v -0.01498420 -0.00800001 0.00068811
v -0.01450904 -0.00800001 0.00380632
v -0.01497350 -0.00800001 -0.00089116
v -0.01257450 -0.01000001 0.00329880
v -0.00501386 -0.01000001 0.03211871
v -0.01354176 -0.00973206 0.00355255
v -0.00598114 -0.00973206 0.03237245
v -0.01424986 -0.00900001 0.00373832
v -0.00668922 -0.00900001 0.03255823
v -0.01450904 -0.00800001 0.00380632
v -0.00694840 -0.00800001 0.03262622
v 0.01297864 -0.01000001 0.03327867
v 0.01361285 -0.01000001 0.02862151
v 0.01441194 -0.00973206 0.03204451
v 0.01460630 -0.00973206 0.02850713
v 0.01533355 -0.00900001 0.02842341
v 0.01526926 -0.00868403 0.03224020
v 0.01559974 -0.00800001 0.02839276
v 0.01511328 -0.00800001 0.03325889
v 0.01307196 -0.00868403 0.03680297
v 0.01264879 -0.00800001 0.03748288
v 0.00911253 -0.00868403 0.03996052
v 0.00865195 -0.00800001 0.04030091
v 0.00417520 -0.00868403 0.04108742
v 0.00417520 -0.00868403 0.04108742
v 0.00865195 -0.00800001 0.04030091
v 0.00384553 -0.00800001 0.04120332
v -0.00076213 -0.00868403 0.03996052
v -0.00090127 -0.00800001 0.04002694
v -0.00473004 -0.00800001 0.03698451
v -0.00472158 -0.00868403 0.03680297
v -0.00694840 -0.00800001 0.03262622
v -0.00668922 -0.00900001 0.03255823
v -0.00403403 -0.00973206 0.03625469
v -0.00598114 -0.00973206 0.03237245
v -0.00501386 -0.01000001 0.03211871
v -0.00273360 -0.01000001 0.03622868
v -0.00038059 -0.00973206 0.03916822
v 0.00123779 -0.01000001 0.03874252
v 0.00417520 -0.00973206 0.04020805
v 0.00417520 -0.00973206 0.04020805
v 0.00123779 -0.01000001 0.03874252
v 0.00592821 -0.01000001 0.03904491
v 0.00873097 -0.00973206 0.03916822
v 0.01018951 -0.01000001 0.03706180
v 0.01238443 -0.00973206 0.03625469
v 0.01018273 -0.01000001 -0.00117231
v 0.01117618 -0.00973206 -0.00128669
v 0.01361285 -0.01000001 0.02862151
v 0.01460630 -0.00973206 0.02850713
v 0.01190343 -0.00900001 -0.00137043
v 0.01533355 -0.00900001 0.02842341
v 0.01216962 -0.00800001 -0.00140106
v 0.01559974 -0.00800001 0.02839276
v 0.01017791 -0.01000001 -0.00121349
v 0.01117089 -0.00973206 -0.00133187
v 0.01017953 -0.01000001 -0.00119977
v 0.01018116 -0.01000001 -0.00118605
v 0.01117618 -0.00973206 -0.00128669
v 0.01018273 -0.01000001 -0.00117231
v 0.01189779 -0.00900001 -0.00141854
v 0.01190343 -0.00900001 -0.00137043
v 0.01216579 -0.00800001 -0.00143386
v 0.01216772 -0.00800001 -0.00141747
v 0.01216386 -0.00800001 -0.00145026
v 0.01216962 -0.00800001 -0.00140106
v -0.01450904 0.00800001 0.00380632
v -0.01424986 0.00900001 0.00373832
v -0.01482880 0.00800001 0.00225974
v -0.01498420 0.00800001 0.00068811
v -0.01470604 0.00900001 -0.00087523
v -0.01497350 0.00800001 -0.00089116
v -0.01354176 0.00973206 0.00355255
v -0.01397528 0.00973206 -0.00083175
v -0.01298631 0.01000001 0.00059637
v -0.01297704 0.01000001 -0.00077234
v -0.01257450 0.01000001 0.00329880
v -0.01285164 0.01000001 0.00195844
v -0.01450904 0.00800001 0.00380632
v -0.00694840 0.00800001 0.03262622
v -0.01424986 0.00900001 0.00373832
v -0.00668922 0.00900001 0.03255823
v -0.01354176 0.00973206 0.00355255
v -0.00598114 0.00973206 0.03237245
v -0.01257450 0.01000001 0.00329880
v -0.00501386 0.01000001 0.03211871
v 0.01511328 0.00800001 0.03325889
v 0.01559974 0.00800001 0.02839276
v 0.01526926 0.00868403 0.03224020
v 0.01533355 0.00900001 0.02842341
v 0.01441194 0.00973206 0.03204451
v 0.01460630 0.00973206 0.02850713
v 0.01361285 0.01000001 0.02862151
v 0.01297864 0.01000001 0.03327867
v 0.01238443 0.00973206 0.03625469
v 0.01307196 0.00868403 0.03680297
v 0.00911253 0.00868403 0.03996052
v 0.01264879 0.00800001 0.03748288
v 0.00865195 0.00800001 0.04030091
v 0.00417520 0.00868403 0.04108742
v 0.00384553 0.00800001 0.04120332
v 0.00384553 0.00800001 0.04120332
v 0.00417520 0.00868403 0.04108742
v -0.00076213 0.00868403 0.03996052
v -0.00090127 0.00800001 0.04002694
v -0.00473004 0.00800001 0.03698451
v -0.00472158 0.00868403 0.03680297
v -0.00694840 0.00800001 0.03262622
v -0.00668922 0.00900001 0.03255823
v -0.00403403 0.00973206 0.03625469
v -0.00598114 0.00973206 0.03237245
v -0.00501386 0.01000001 0.03211871
v -0.00273360 0.01000001 0.03622868
v -0.00038059 0.00973206 0.03916822
v 0.00123779 0.01000001 0.03874252
v 0.00417520 0.00973206 0.04020805
v 0.00592821 0.01000001 0.03904491
v 0.00592821 0.01000001 0.03904491
v 0.00417520 0.00973206 0.04020805
v 0.00873097 0.00973206 0.03916822
v 0.01018951 0.01000001 0.03706180
v 0.01216962 0.00800001 -0.00140106
v 0.01190343 0.00900001 -0.00137043
v 0.01559974 0.00800001 0.02839276
v 0.01533355 0.00900001 0.02842341
v 0.01117618 0.00973206 -0.00128669
v 0.01460630 0.00973206 0.02850713
v 0.01018273 0.01000001 -0.00117231
v 0.01361285 0.01000001 0.02862151
v 0.01216386 0.00800001 -0.00145026
v 0.01189779 0.00900001 -0.00141854
v 0.01216579 0.00800001 -0.00143386
v 0.01216772 0.00800001 -0.00141747
v 0.01190343 0.00900001 -0.00137043
v 0.01216962 0.00800001 -0.00140106
v 0.01117089 0.00973206 -0.00133187
v 0.01117618 0.00973206 -0.00128669
v 0.01018116 0.01000001 -0.00118605
v 0.01018273 0.01000001 -0.00117231
v 0.01017791 0.01000001 -0.00121349
v 0.01017953 0.01000001 -0.00119977
v 0.01216962 0.00800001 -0.00140106
v 0.01216962 -0.00800001 -0.00140106
v 0.01216772 0.00800001 -0.00141747
v 0.01216772 -0.00800001 -0.00141747
v 0.01216579 0.00800001 -0.00143386
v 0.01216579 -0.00800001 -0.00143386
v 0.01216386 0.00800001 -0.00145026
v 0.01216386 -0.00800001 -0.00145026
v 0.01559974 -0.00800001 0.02839276
v 0.01216962 -0.00800001 -0.00140106
v 0.01559974 0.00800001 0.02839276
v 0.01216962 0.00800001 -0.00140106
v -0.00694840 -0.00800001 0.03262622
v -0.00473004 -0.00800001 0.03698451
v -0.00694840 0.00800001 0.03262622
v -0.00473004 0.00800001 0.03698451
v -0.00090127 -0.00800001 0.04002694
v -0.00090127 0.00800001 0.04002694
v 0.00384553 -0.00800001 0.04120332
v 0.00384553 0.00800001 0.04120332
v 0.00865195 -0.00800001 0.04030091
v 0.00865195 0.00800001 0.04030091
v 0.01264879 -0.00800001 0.03748288
v 0.01264879 0.00800001 0.03748288
v 0.01511328 -0.00800001 0.03325889
v 0.01511328 0.00800001 0.03325889
v 0.01559974 -0.00800001 0.02839276
v 0.01559974 0.00800001 0.02839276
v -0.01450904 -0.00800001 0.00380632
v -0.00694840 -0.00800001 0.03262622
v -0.01450904 0.00800001 0.00380632
v -0.00694840 0.00800001 0.03262622
v -0.01497350 0.00800001 -0.00089116
v -0.01497350 -0.00800001 -0.00089116
v -0.01498420 0.00800001 0.00068811
v -0.01498420 -0.00800001 0.00068811
v -0.01482880 0.00800001 0.00225974
v -0.01482880 -0.00800001 0.00225974
v -0.01450904 -0.00800001 0.00380632
v -0.01450904 0.00800001 0.00380632
v 0.02224552 -0.00900359 -0.26284345
v 0.02287125 -0.00301567 -0.26320474
v 0.02466757 -0.00900006 -0.25749606
v 0.02466340 0.00000000 -0.25976355
v 0.02589116 0.00000000 -0.25621866
v 0.02589116 0.00000000 -0.25621866
v 0.02466340 0.00000000 -0.25976355
v 0.02432017 0.00450096 -0.25997536
v 0.02550732 0.00450360 -0.25663966
v 0.02367262 0.00900069 -0.26001141
v 0.02486896 0.00900001 -0.25691373
v 0.02298537 0.01133909 -0.25959249
v 0.02425019 0.01133673 -0.25653621
v 0.02164532 0.01327023 -0.25876889
v 0.02299213 0.01327114 -0.25576295
v 0.01979691 0.01454930 -0.25764917
v 0.02122124 0.01455077 -0.25468840
v 0.01764985 0.01500000 -0.25637992
v 0.01913103 0.01500000 -0.25344664
v 0.00966335 0.01500000 -0.25185476
v 0.01118840 0.01500000 -0.24894948
v 0.00146718 0.01500000 -0.24735232
v 0.00291724 0.01500000 -0.24444913
v -0.00672897 0.01500000 -0.24284988
v -0.00535394 0.01500000 -0.23994877
v -0.01471546 0.01500000 -0.23832472
v -0.01329657 0.01500000 -0.23545159
v -0.01695773 0.01454930 -0.23719124
v -0.01553119 0.01455077 -0.23437840
v -0.01901558 0.01327023 -0.23637021
v -0.01761978 0.01327114 -0.23367474
v -0.02056506 0.01133909 -0.23584532
v -0.01919554 0.01133673 -0.23327227
v -0.02134751 0.00900069 -0.23556215
v -0.01995871 0.00900001 -0.23306332
v -0.02083526 0.00075293 -0.23314657
v -0.01885455 0.00075260 -0.22984210
v -0.02091822 -0.00187957 -0.23335436
v -0.01898764 -0.00187965 -0.23012915
v -0.02123448 -0.00450096 -0.23424454
v -0.01951952 -0.00450360 -0.23134881
v -0.02134751 -0.00900069 -0.23556215
v -0.01995871 -0.00900001 -0.23306332
v -0.02056506 -0.01133909 -0.23584532
v -0.01919554 -0.01133673 -0.23327227
v -0.01901558 -0.01327023 -0.23637021
v -0.01761978 -0.01327114 -0.23367474
v -0.01695773 -0.01454930 -0.23719124
v -0.01553119 -0.01455077 -0.23437840
v -0.01471546 -0.01500000 -0.23832472
v -0.01329657 -0.01500000 -0.23545159
v -0.00672897 -0.01500000 -0.24284988
v -0.00535394 -0.01500000 -0.23994877
v 0.00146718 -0.01500000 -0.24735232
v 0.00291724 -0.01500000 -0.24444913
v 0.00966335 -0.01500000 -0.25185476
v 0.01118840 -0.01500000 -0.24894948
v 0.01764985 -0.01500000 -0.25637992
v 0.01913103 -0.01500000 -0.25344664
v 0.01979691 -0.01454930 -0.25764917
v 0.02122124 -0.01455077 -0.25468840
v 0.02164532 -0.01327023 -0.25876889
v 0.02299213 -0.01327114 -0.25576295
v 0.02298537 -0.01133909 -0.25959249
v 0.02425019 -0.01133673 -0.25653621
v 0.02527257 -0.01133485 -0.25330930
v 0.02632248 -0.00900001 -0.25150287
v 0.02604645 -0.01133297 -0.24998399
v 0.02655593 -0.01133117 -0.24682459
v 0.02541044 -0.01327465 -0.24622017
v 0.02582365 -0.01327658 -0.24084567
v 0.02418100 -0.01455778 -0.23989001
v 0.02460536 -0.01427404 -0.23800408
v 0.02216300 -0.01500000 -0.23651473
v 0.02287125 0.00301567 -0.26320474
v 0.02287125 0.00301567 -0.26320474
v 0.02224552 0.00900359 -0.26284345
v 0.02108192 0.01207900 -0.26217164
v 0.01885023 0.01422908 -0.26088318
v 0.01602148 0.01500000 -0.25924999
v 0.00000000 0.01500000 -0.25000000
v -0.01602148 0.01500000 -0.24075001
v -0.01885023 0.01422908 -0.23911682
v -0.02108192 0.01207900 -0.23782834
v -0.02224552 0.00900359 -0.23715653
v -0.02263625 0.00602049 -0.23693096
v -0.02287125 0.00301567 -0.23679528
v -0.02294966 0.00000000 -0.23675001
v -0.02287125 -0.00301567 -0.23679528
v -0.02263625 -0.00602049 -0.23693096
v -0.02224552 -0.00900359 -0.23715653
v -0.02108192 -0.01207900 -0.23782834
v -0.01885023 -0.01422908 -0.23911682
v -0.01602148 -0.01500000 -0.24075001
v 0.00000000 -0.01500000 -0.25000000
v 0.01602148 -0.01500000 -0.25924999
v 0.01885023 -0.01422908 -0.26088318
v 0.02108192 -0.01207900 -0.26217164
v 0.02719895 -0.00900001 -0.24537872
v 0.02693426 -0.01132799 -0.24147826
v 0.02613449 -0.01278966 -0.23893655
v 0.02728570 -0.00900001 -0.23963855
v 0.02700315 -0.01096508 -0.23946625
v 0.02224771 -0.01500000 -0.23873572
v 0.01581749 -0.01500000 -0.23264537
v 0.01515450 -0.01500000 -0.23441992
v 0.00841634 -0.01500000 -0.22813220
v 0.00797133 -0.01500000 -0.23003453
v 0.00078816 -0.01500000 -0.22564914
v 0.00648310 -0.01500000 -0.23508790
v -0.00129967 -0.01500000 -0.23048692
v 0.00546329 -0.01500000 -0.23813287
v -0.00257561 -0.01500000 -0.23353223
v 0.00425973 -0.01500000 -0.24134770
v -0.00395834 -0.01500000 -0.23679492
v 0.00101516 -0.01500000 -0.22361903
v -0.00630504 -0.01500000 -0.22133337
v -0.00879203 -0.01500000 -0.22602596
v -0.01025741 -0.01500000 -0.22904479
v -0.01179909 -0.01500000 -0.23230140
v -0.00533034 -0.01500000 -0.21974962
v -0.00824662 -0.01455778 -0.22015548
v -0.01083086 -0.01455529 -0.22489746
v -0.01237046 -0.01455384 -0.22795406
v -0.01398473 -0.01455229 -0.23123618
v -0.00777268 -0.01427404 -0.21826030
v -0.00990755 -0.01327658 -0.21914796
v -0.01262822 -0.01327465 -0.22402574
v -0.01428643 -0.01327356 -0.22718054
v -0.01601302 -0.01327236 -0.23053447
v -0.00930184 -0.01278966 -0.21732782
v -0.01103643 -0.01132799 -0.21846351
v -0.01390020 -0.01133117 -0.22346950
v -0.01568097 -0.01133297 -0.22671807
v -0.01752412 -0.01133485 -0.23013898
v -0.01017049 -0.01096508 -0.21679813
v -0.01145690 -0.00900001 -0.21820923
v -0.01443502 -0.00900001 -0.22324425
v -0.01630020 -0.00900001 -0.22651839
v -0.01822699 -0.00900001 -0.22995156
v -0.01045304 -0.00900001 -0.21662585
v -0.01141898 -0.00451777 -0.21808981
v -0.01413878 -0.00451267 -0.22241346
v -0.01585105 -0.00450972 -0.22522034
v -0.01770131 -0.00450665 -0.22829648
v -0.01045304 0.00000000 -0.21662585
v -0.01136548 -0.00188036 -0.21801109
v -0.01382585 -0.00188008 -0.22181696
v -0.01538516 -0.00187993 -0.22428115
v -0.01713936 -0.00187978 -0.22710154
v -0.01135192 0.00075120 -0.21799277
v -0.01045304 0.00900001 -0.21662585
v -0.01145690 0.00900001 -0.21820923
v -0.01017049 0.01096508 -0.21679813
v -0.01103643 0.01132799 -0.21846351
v -0.00930184 0.01278966 -0.21732782
v -0.00990755 0.01327658 -0.21914796
v -0.00777268 0.01427404 -0.21826030
v -0.00824662 0.01455778 -0.22015548
v -0.00533034 0.01500000 -0.21974962
v -0.00630504 0.01500000 -0.22133337
v 0.00101516 0.01500000 -0.22361903
v 0.00078816 0.01500000 -0.22564914
v 0.00841634 0.01500000 -0.22813220
v 0.00797133 0.01500000 -0.23003453
v 0.01515450 0.01500000 -0.23441992
v 0.00648310 0.01500000 -0.23508790
v 0.01426586 0.01500000 -0.23968886
v 0.00546329 0.01500000 -0.23813287
v 0.01350221 0.01500000 -0.24273349
v 0.00425973 0.01500000 -0.24134770
v 0.01247780 0.01500000 -0.24590047
v 0.01581749 0.01500000 -0.23264537
v 0.02224771 0.01500000 -0.23873572
v 0.02175822 0.01500000 -0.24414985
v 0.02118401 0.01500000 -0.24722093
v 0.02031858 0.01500000 -0.25039399
v 0.02216300 0.01500000 -0.23651473
v 0.02418100 0.01455778 -0.23989001
v 0.02373958 0.01455529 -0.24530022
v 0.02319315 0.01455384 -0.24839247
v 0.02236142 0.01455229 -0.25159867
v 0.02460536 0.01427404 -0.23800408
v 0.02582365 0.01327658 -0.24084567
v 0.02541044 0.01327465 -0.24622017
v 0.02488052 0.01327356 -0.24934374
v 0.02407557 0.01327236 -0.25260709
v 0.02613449 0.01278966 -0.23893655
v 0.02693426 0.01132799 -0.24147826
v 0.02655593 0.01133117 -0.24682459
v 0.02604645 0.01133297 -0.24998399
v 0.02527257 0.01133485 -0.25330930
v 0.02700315 0.01096508 -0.23946625
v 0.02734643 0.00900001 -0.24170896
v 0.02703327 0.00900001 -0.24707174
v 0.02656177 0.00900001 -0.25026445
v 0.02583264 0.00900001 -0.25363612
v 0.02728570 0.00900001 -0.23963855
v 0.02737459 0.00451777 -0.24154272
v 0.02726698 0.00451267 -0.24665512
v 0.02695095 0.00450972 -0.24980721
v 0.02637229 0.00450665 -0.25322323
v 0.02728570 0.00000000 -0.23963855
v 0.02737071 0.00000000 -0.24135797
v 0.02739001 0.00000000 -0.24617463
v 0.02718377 0.00000000 -0.24925966
v 0.02670668 0.00000000 -0.25269187
v 0.02728570 0.00000000 -0.23963855
v 0.02728570 -0.00434503 -0.23963855
v 0.02737071 0.00000000 -0.24135797
v 0.02739001 0.00000000 -0.24617463
v 0.02718377 0.00000000 -0.24925966
v 0.02670668 0.00000000 -0.25269187
v 0.02407557 -0.01327236 -0.25260709
v 0.02488052 -0.01327356 -0.24934374
v 0.02236142 -0.01455229 -0.25159867
v 0.02319315 -0.01455384 -0.24839247
v 0.02373958 -0.01455529 -0.24530022
v 0.02031858 -0.01500000 -0.25039399
v 0.02118401 -0.01500000 -0.24722093
v 0.02175822 -0.01500000 -0.24414985
v 0.01247780 -0.01500000 -0.24590047
v 0.01350221 -0.01500000 -0.24273349
v 0.01426586 -0.01500000 -0.23968886
v -0.01700030 0.00075230 -0.22681968
v -0.01527023 0.00075199 -0.22405958
v -0.01374851 0.00075171 -0.22167639
v -0.01822699 0.00900001 -0.22995156
v -0.01630020 0.00900001 -0.22651839
v -0.01443502 0.00900001 -0.22324425
v -0.01752412 0.01133485 -0.23013898
v -0.01568097 0.01133297 -0.22671807
v -0.01390020 0.01133117 -0.22346950
v -0.01601302 0.01327236 -0.23053447
v -0.01428643 0.01327356 -0.22718054
v -0.01262822 0.01327465 -0.22402574
v -0.01398473 0.01455229 -0.23123618
v -0.01237046 0.01455384 -0.22795406
v -0.01083086 0.01455529 -0.22489746
v -0.01179909 0.01500000 -0.23230140
v -0.01025741 0.01500000 -0.22904479
v -0.00879203 0.01500000 -0.22602596
v -0.00395834 0.01500000 -0.23679492
v -0.00257561 0.01500000 -0.23353223
v -0.00129967 0.01500000 -0.23048692
v -0.01497350 -0.00800001 -0.00089116
v -0.01373061 -0.00800001 -0.01300000
v -0.01430668 -0.00873618 -0.00713481
v -0.01358379 -0.00874867 -0.01300030
v -0.01386187 -0.00941616 -0.00708757
v -0.01313551 -0.00941804 -0.01300000
v -0.01259126 -0.00980227 -0.01300107
v -0.01318959 -0.00985957 -0.00701617
v -0.01171189 -0.01000001 -0.01300000
v -0.01297704 -0.01000001 -0.00077234
v -0.01336205 -0.00985957 -0.00530339
v -0.01397528 -0.00973206 -0.00083175
v -0.01403563 -0.00941563 -0.00536735
v -0.01470604 -0.00900001 -0.00087523
v -0.01448041 -0.00873618 -0.00540956
v 0.01017791 -0.01000001 -0.00121349
v 0.00913930 -0.01000001 -0.01300000
v 0.01021296 -0.00985957 -0.00807921
v 0.01003071 -0.00979094 -0.01300046
v 0.01088862 -0.00941418 -0.00813608
v 0.01055543 -0.00941418 -0.01300000
v 0.01099594 -0.00874476 -0.01300000
v 0.01133239 -0.00873618 -0.00817344
v 0.01114196 -0.00800001 -0.01300000
v 0.01155659 -0.00800001 -0.00721680
v 0.01216386 -0.00800001 -0.00145026
v 0.01189779 -0.00900001 -0.00141854
v 0.01117089 -0.00973206 -0.00133187
v -0.01297704 0.01000001 -0.00077234
v -0.01171189 0.01000001 -0.01300000
v -0.01318959 0.00985957 -0.00701614
v -0.01248301 0.00984834 -0.01300000
v -0.01313652 0.00941702 -0.01300000
v -0.01386238 0.00941565 -0.00708759
v -0.01358174 0.00874883 -0.01300000
v -0.01430668 0.00873618 -0.00713478
v -0.01373061 0.00800001 -0.01300000
v -0.01497350 0.00800001 -0.00089116
v -0.01448041 0.00873618 -0.00540956
v -0.01470604 0.00900001 -0.00087523
v -0.01403601 0.00941525 -0.00536738
v -0.01397528 0.00973206 -0.00083175
v -0.01336205 0.00985957 -0.00530339
v 0.01216386 0.00800001 -0.00145026
v 0.01114196 0.00800001 -0.01300000
v 0.01133239 0.00873618 -0.00817336
v 0.01099807 0.00874443 -0.01300013
v 0.01088804 0.00941479 -0.00813595
v 0.01055441 0.00941520 -0.01300000
v 0.01002998 0.00979129 -0.01300046
v 0.01021296 0.00985957 -0.00807913
v 0.00913930 0.01000001 -0.01300000
v 0.01017791 0.01000001 -0.00121349
v 0.01117089 0.00973206 -0.00133187
v 0.01189779 0.00900001 -0.00141854
v -0.01171189 -0.01000001 -0.01300000
v -0.00225593 -0.01000001 -0.01300000
v -0.01297704 -0.01000001 -0.00077234
v -0.01257450 -0.01000001 0.00329880
v -0.01285164 -0.01000001 0.00195844
v 0.00720006 -0.01000001 -0.01300000
v 0.01017791 -0.01000001 -0.00121349
v 0.01018273 -0.01000001 -0.00117231
v -0.00501386 -0.01000001 0.03211871
v -0.00273360 -0.01000001 0.03622868
v 0.00123779 -0.01000001 0.03874252
v 0.00592821 -0.01000001 0.03904491
v 0.01018951 -0.01000001 0.03706180
v 0.01361285 -0.01000001 0.02862151
v 0.01297864 -0.01000001 0.03327867
v 0.00913930 -0.01000001 -0.01300000
v 0.01017953 -0.01000001 -0.00119977
v 0.01018116 -0.01000001 -0.00118605
v -0.01298631 -0.01000001 0.00059637
v 0.01216386 -0.00800001 -0.00145026
v 0.01155659 -0.00800001 -0.00721680
v 0.01216386 0.00800001 -0.00145026
v 0.01114196 0.00800001 -0.01300000
v 0.01114196 -0.00800001 -0.01300000
v -0.01373061 0.00800001 -0.01300000
v -0.01373061 0.00685714 -0.01300000
v -0.01497350 0.00800001 -0.00089116
v -0.01373061 0.00571429 -0.01300000
v -0.01373061 0.00457144 -0.01300000
v -0.01373061 0.00342857 -0.01300000
v -0.01373061 0.00228572 -0.01300000
v -0.01373061 0.00114285 -0.01300000
v -0.01373061 0.00000000 -0.01300000
v -0.01497350 -0.00800001 -0.00089116
v -0.01373061 -0.00114285 -0.01300000
v -0.01373061 -0.00228572 -0.01300000
v -0.01373061 -0.00342857 -0.01300000
v -0.01373061 -0.00457144 -0.01300000
v -0.01373061 -0.00571429 -0.01300000
v -0.01373061 -0.00685714 -0.01300000
v -0.01373061 -0.00800001 -0.01300000
v 0.00913930 0.01000001 -0.01300000
v 0.00719173 0.01000001 -0.01300000
v 0.01017791 0.01000001 -0.00121349
v 0.00111181 0.01000001 -0.01300000
v 0.01018273 0.01000001 -0.00117231
v -0.00501386 0.01000001 0.03211871
v -0.00273360 0.01000001 0.03622868
v -0.00496809 0.01000001 -0.01300000
v -0.01257450 0.01000001 0.00329880
v -0.01297704 0.01000001 -0.00077234
v -0.01285164 0.01000001 0.00195844
v -0.01298631 0.01000001 0.00059637
v -0.01171189 0.01000001 -0.01300000
v 0.00123779 0.01000001 0.03874252
v 0.00592821 0.01000001 0.03904491
v 0.01018951 0.01000001 0.03706180
v 0.01297864 0.01000001 0.03327867
v 0.01361285 0.01000001 0.02862151
v 0.01018116 0.01000001 -0.00118605
v 0.01017953 0.01000001 -0.00119977
v 0.01133737 0.01000001 -0.03687082
v -0.00455272 0.01000001 -0.01500000
v 0.01125228 0.01000001 -0.03350194
v 0.01118194 0.01000001 -0.03093214
v 0.00136644 0.01000001 -0.01500000
v 0.01107430 0.01000001 -0.02711432
v 0.01099741 0.01000001 -0.02351791
v 0.01097184 0.01000001 -0.02129269
v 0.00728558 0.01000001 -0.01500000
v 0.01058621 0.01000001 -0.01734924
v 0.00905246 0.01000001 -0.01499946
v 0.01000938 0.01000001 -0.01573863
v 0.00939317 0.01000001 -0.01508303
v 0.01133737 0.01000001 -0.03687082
v 0.01134024 0.01210986 -0.03687475
v -0.00455272 0.01000001 -0.01500000
v 0.00820450 0.01596095 -0.03255881
v 0.01134260 0.01368839 -0.03687803
v 0.01127963 0.01431656 -0.03679134
v 0.01086843 0.01526530 -0.03622541
v 0.00995947 0.01599148 -0.03497430
v 0.01134029 -0.01215766 -0.03687486
v 0.01138006 -0.01388765 -0.03845575
v 0.01133737 -0.01000001 -0.03687082
v 0.01137018 -0.00742823 -0.03833884
v 0.01124707 -0.01000001 -0.03330545
v 0.01109817 -0.00645986 -0.02822931
v 0.01117346 -0.01000001 -0.03063512
v 0.01106048 -0.01000001 -0.02656174
v 0.01099167 -0.01000001 -0.02310308
v 0.01097402 -0.01000001 -0.02129267
v 0.01105243 0.00000000 -0.01500000
v 0.01104290 -0.00819617 -0.01500000
v 0.01134273 -0.01368839 -0.03687821
v 0.01115873 -0.01472524 -0.03662492
v 0.01103757 -0.01538536 -0.03851532
v 0.01033983 -0.01578694 -0.03549782
v 0.01035200 -0.01633886 -0.03858171
v 0.00937123 -0.01700296 -0.03865387
v 0.01032736 -0.01744251 -0.05059012
v 0.00910260 -0.01819821 -0.05058590
v 0.01037041 -0.01737172 -0.05907946
v 0.00898012 -0.01817693 -0.05904748
v 0.01056396 -0.01690413 -0.06842935
v 0.00902625 -0.01774861 -0.06841678
v 0.01144473 -0.01581246 -0.08578779
v 0.00976417 -0.01668767 -0.08579318
v 0.01314610 -0.01463949 -0.10593085
v 0.01146505 -0.01551145 -0.10596776
v 0.01413436 -0.01402443 -0.11610297
v 0.01246185 -0.01489840 -0.11609576
v 0.01506477 -0.01343243 -0.12546290
v 0.01338694 -0.01432067 -0.12543933
v 0.01588874 -0.01289848 -0.13371340
v 0.01419426 -0.01380988 -0.13370217
v 0.01661165 -0.01242604 -0.14093373
v 0.01489232 -0.01336591 -0.14092151
v 0.01746910 -0.01189553 -0.14961032
v 0.01571452 -0.01287818 -0.14960722
v 0.01782856 -0.01169861 -0.15333706
v 0.01605813 -0.01270196 -0.15331677
v 0.01812415 -0.01156447 -0.15646268
v 0.01634104 -0.01258542 -0.15640817
v 0.01846872 -0.01147478 -0.16027284
v 0.01667688 -0.01251382 -0.16019630
v 0.01874594 -0.01149637 -0.16347887
v 0.01695597 -0.01254285 -0.16340015
v 0.01898650 -0.01161898 -0.16635591
v 0.01720926 -0.01265972 -0.16630046
v 0.01921360 -0.01183234 -0.16919377
v 0.01745882 -0.01285161 -0.16920103
v 0.01954101 -0.01219589 -0.17335317
v 0.01782074 -0.01317384 -0.17346130
v 0.01978528 -0.01238788 -0.17608710
v 0.01808254 -0.01335316 -0.17620689
v 0.02012846 -0.01256759 -0.17959436
v 0.01844269 -0.01353492 -0.17968189
v 0.02060672 -0.01272068 -0.18411474
v 0.01893768 -0.01371189 -0.18411488
v 0.02126102 -0.01283284 -0.18988257
v 0.01961022 -0.01387676 -0.18972878
v 0.02213981 -0.01288999 -0.19720136
v 0.02051121 -0.01402230 -0.19681620
v 0.02263709 -0.01289655 -0.20147508
v 0.02101637 -0.01408585 -0.20097501
v 0.02311369 -0.01289190 -0.20608565
v 0.02148944 -0.01414257 -0.20550017
v 0.02377163 -0.01286772 -0.21393449
v 0.02210806 -0.01422039 -0.21325462
v 0.02430968 -0.01283533 -0.22103697
v 0.02259828 -0.01427599 -0.22026361
v 0.02463538 -0.01281504 -0.22526915
v 0.02290140 -0.01430091 -0.22444657
v 0.02500424 -0.01280104 -0.22853506
v 0.02328652 -0.01431359 -0.22765367
v 0.02561410 -0.01278854 -0.23341342
v 0.02396711 -0.01431031 -0.23248450
v 0.02460536 -0.01427404 -0.23800408
v 0.02149932 -0.01500038 -0.23110351
v 0.02216300 -0.01500000 -0.23651473
v 0.01564206 -0.01500038 -0.22782626
v 0.01581749 -0.01500000 -0.23264537
v 0.00901497 -0.01500038 -0.22412026
v 0.00841634 -0.01500000 -0.22813220
v 0.00238785 -0.01500038 -0.22041426
v 0.00101516 -0.01500000 -0.22361903
v -0.00346941 -0.01500038 -0.21713704
v -0.00533034 -0.01500000 -0.21974962
v -0.00593720 -0.01431031 -0.21575604
v -0.00777268 -0.01427404 -0.21826030
v -0.00758419 -0.01278854 -0.21482710
v -0.00930184 -0.01278966 -0.21732782
v -0.00851416 -0.01089160 -0.21429419
v -0.01017049 -0.01096508 -0.21679813
v -0.00880522 -0.00888843 -0.21411983
v -0.01045304 -0.00900001 -0.21662585
v -0.00880011 -0.00535412 -0.21410733
v -0.01045304 0.00000000 -0.21662585
v -0.00879714 -0.00215969 -0.21410001
v -0.00879658 0.00073221 -0.21409868
v -0.00743445 0.00073055 -0.21197841
v -0.00743311 0.00426700 -0.21198481
v -0.00651797 0.00428813 -0.21050331
v -0.00651281 0.00889564 -0.21050207
v -0.00498366 0.00895497 -0.20779846
v -0.00468188 0.01095073 -0.20794959
v -0.00241783 0.01104019 -0.20316474
v -0.00142966 0.01286772 -0.20358174
v 0.00053538 0.01289190 -0.19783979
v 0.00215963 0.01414257 -0.19842526
v 0.00293507 0.01408585 -0.19526183
v 0.00486072 0.01450391 -0.19585704
v 0.00534815 0.01440515 -0.19314564
v 0.00869493 0.01440515 -0.19395323
v 0.00908754 0.01420274 -0.18897666
v 0.01195405 0.01420274 -0.18916322
v 0.01195649 0.01399956 -0.18449546
v 0.01448626 0.01399956 -0.18429386
v 0.01424684 0.01379957 -0.18015354
v 0.01678633 0.01379957 -0.17981651
v 0.01646189 0.01360660 -0.17637305
v 0.01808254 0.01335316 -0.17620689
v 0.01782074 0.01317384 -0.17346130
v 0.01954101 0.01219589 -0.17335317
v 0.01921360 0.01183234 -0.16919377
v 0.02049963 0.01001105 -0.16918760
v 0.02029130 0.00974664 -0.16640210
v 0.02065515 0.00783801 -0.16644567
v 0.02042587 0.00768660 -0.16360677
v 0.02040811 0.00370779 -0.16373465
v 0.02014703 0.00369425 -0.16052243
v 0.02035094 0.00000000 -0.16315792
v 0.01982008 0.00000000 -0.15667393
v 0.01982287 0.00375158 -0.15664124
v 0.01954086 0.00383291 -0.15340297
v 0.01983044 0.00776130 -0.15655275
v 0.01954517 0.00790501 -0.15337000
v 0.01945983 0.00967593 -0.15650937
v 0.01916826 0.00982375 -0.15335405
v 0.01812415 0.01156447 -0.15646268
v 0.01782856 0.01169861 -0.15333706
v 0.01634104 0.01258542 -0.15640817
v 0.01605813 0.01270196 -0.15331677
v 0.01479232 0.01283261 -0.15634139
v 0.01452433 0.01294356 -0.15329091
v 0.01274394 0.01283261 -0.15620014
v 0.01250396 0.01294356 -0.15323492
v 0.01102236 0.01283261 -0.15604610
v 0.01081281 0.01294356 -0.15317326
v 0.00930077 0.01283261 -0.15589202
v 0.00912165 0.01294356 -0.15311156
v 0.00725239 0.01283261 -0.15575076
v 0.00710128 0.01294356 -0.15305557
v 0.00570367 0.01258542 -0.15568399
v 0.00556750 0.01270196 -0.15302972
v 0.00392057 0.01156447 -0.15562950
v 0.00379705 0.01169861 -0.15300942
v 0.00258488 0.00967593 -0.15558282
v 0.00245737 0.00982375 -0.15299243
v 0.00221427 0.00776130 -0.15553944
v 0.00208044 0.00790501 -0.15297648
v 0.00222184 0.00375158 -0.15545092
v 0.00208478 0.00383291 -0.15294351
v 0.00222456 0.00064023 -0.15541920
v 0.00208633 0.00065268 -0.15293168
v 0.00222390 -0.00189222 -0.15542672
v 0.00208595 -0.00193167 -0.15293446
v 0.00222034 -0.00469717 -0.15546837
v 0.00208392 -0.00479826 -0.15295001
v 0.00221427 -0.00776130 -0.15553944
v 0.00208044 -0.00790501 -0.15297648
v 0.00258488 -0.00967593 -0.15558282
v 0.00245737 -0.00982375 -0.15299243
v 0.00392057 -0.01156447 -0.15562950
v 0.00379705 -0.01169861 -0.15300942
v 0.00570367 -0.01258542 -0.15568399
v 0.00556750 -0.01270196 -0.15302972
v 0.00725239 -0.01283261 -0.15575076
v 0.00710128 -0.01294356 -0.15305557
v 0.00930077 -0.01283261 -0.15589202
v 0.00912165 -0.01294356 -0.15311156
v 0.01102236 -0.01283261 -0.15604610
v 0.01081281 -0.01294356 -0.15317326
v 0.01274394 -0.01283261 -0.15620014
v 0.01250396 -0.01294356 -0.15323492
v 0.01479232 -0.01283261 -0.15634139
v 0.01452433 -0.01294356 -0.15329091
v 0.00820430 -0.01596276 -0.03255851
v 0.00800131 -0.01728981 -0.03873071
v 0.00763176 -0.01847624 -0.05058143
v 0.00748175 -0.01843880 -0.05901345
v 0.00752551 -0.01799100 -0.06840344
v 0.00828650 -0.01690494 -0.08579866
v 0.01002591 -0.01572082 -0.10600662
v 0.01102609 -0.01510922 -0.11608821
v 0.01194305 -0.01453507 -0.12541562
v 0.01273386 -0.01402928 -0.13369275
v 0.01340851 -0.01359152 -0.14091123
v 0.01419720 -0.01311399 -0.14960349
v 0.00463700 -0.01728981 -0.03887899
v 0.00701713 -0.01551104 -0.03092453
v 0.00452895 -0.01485499 -0.02878757
v 0.00538594 -0.01483182 -0.02867939
v 0.00214693 -0.01334059 -0.02422129
v 0.00000472 -0.01485499 -0.02894716
v -0.00455272 -0.01000001 -0.01500000
v -0.00451950 -0.01485499 -0.02910672
v -0.01068250 -0.01000001 -0.01500000
v -0.00831995 -0.01485499 -0.02925999
v -0.01236919 -0.00977628 -0.01500000
v -0.00953966 -0.01457759 -0.02933941
v -0.01031392 -0.01401427 -0.02941399
v -0.00748408 -0.01700296 -0.03941293
v -0.00846485 -0.01633886 -0.03948509
v -0.00540537 -0.01819821 -0.05054158
v -0.00663014 -0.01744251 -0.05053736
v -0.00400502 -0.01817693 -0.05871174
v -0.00539532 -0.01737172 -0.05867974
v -0.00252425 -0.01774861 -0.06828587
v -0.00406197 -0.01690413 -0.06827327
v -0.00017912 -0.01668767 -0.08584565
v -0.00185969 -0.01581246 -0.08585103
v 0.00204645 -0.01551145 -0.10634820
v 0.00036540 -0.01463949 -0.10638510
v 0.00294467 -0.01489840 -0.11602215
v 0.00127213 -0.01402443 -0.11601493
v 0.00371696 -0.01432067 -0.12521544
v 0.00203914 -0.01343243 -0.12519190
v 0.00434818 -0.01380988 -0.13362755
v 0.00265369 -0.01289848 -0.13361632
v 0.00483624 -0.01336591 -0.14083942
v 0.00311688 -0.01242604 -0.14082723
v 0.00537299 -0.01287818 -0.14956680
v 0.00361838 -0.01189553 -0.14956371
v -0.01304856 -0.00920153 -0.01500000
v -0.01083455 -0.01325321 -0.02948259
v -0.00915043 -0.01538536 -0.03955148
v -0.00754743 -0.01623403 -0.05053348
v -0.00648851 -0.01597249 -0.05865028
v -0.00532127 -0.01532186 -0.06826166
v -0.00329242 -0.01403594 -0.08585609
v -0.00107671 -0.01282967 -0.10641922
v -0.00014762 -0.01222314 -0.11600825
v 0.00064214 -0.01163020 -0.12516967
v 0.00127627 -0.01108601 -0.13360499
v 0.00175440 -0.01059693 -0.14081496
v 0.00227297 -0.01003676 -0.14956106
v -0.01340653 -0.00841172 -0.01500000
v -0.01110407 -0.01203460 -0.02954414
v -0.00949294 -0.01388765 -0.03961105
v -0.00796577 -0.01444635 -0.05053000
v -0.00695109 -0.01400482 -0.05862386
v -0.00581698 -0.01320102 -0.06825125
v -0.00380931 -0.01179581 -0.08586056
v -0.00156312 -0.01065657 -0.10644975
v -0.00061364 -0.01011822 -0.11600226
v 0.00019743 -0.00958530 -0.12514997
v 0.00085159 -0.00908850 -0.13359526
v 0.00134681 -0.00863597 -0.14080439
v 0.00188722 -0.00810913 -0.14955860
v -0.01343581 0.00823326 -0.01500000
v -0.01108451 -0.00317774 -0.02969806
v -0.01109175 -0.00801459 -0.02964117
v -0.01315466 0.00904565 -0.01500000
v -0.01083455 0.01325321 -0.02948259
v -0.01110407 0.01203460 -0.02954414
v -0.01108870 0.00645986 -0.02966499
v -0.00948304 0.00742823 -0.03972796
v -0.00947951 0.00118217 -0.03976987
v -0.00796653 0.00122558 -0.05052073
v -0.00796648 -0.00377292 -0.05052131
v -0.00695668 -0.00362483 -0.05855779
v -0.00695462 -0.00911885 -0.05858223
v -0.00581810 -0.00848830 -0.06823489
v -0.01031392 0.01401427 -0.02941399
v -0.01254155 0.00967572 -0.01500000
v -0.00953966 0.01457759 -0.02933941
v -0.00831995 0.01485499 -0.02925999
v -0.00748408 0.01700296 -0.03941293
v -0.00611419 0.01728981 -0.03933609
v -0.00540537 0.01819821 -0.05054158
v -0.00393456 0.01847624 -0.05054608
v -0.00400502 0.01817693 -0.05871174
v -0.00250665 0.01843880 -0.05874575
v -0.00252425 0.01774861 -0.06828587
v -0.00102349 0.01799100 -0.06829918
v -0.00017912 0.01668767 -0.08584565
v 0.00129855 0.01690494 -0.08584016
v 0.00204645 0.01551145 -0.10634820
v 0.00348559 0.01572082 -0.10630937
v 0.00294467 0.01489840 -0.11602215
v 0.00438041 0.01510922 -0.11602969
v 0.00371696 0.01432067 -0.12521544
v 0.00516085 0.01453507 -0.12523915
v 0.00434818 0.01380988 -0.13362755
v 0.00580860 0.01402928 -0.13363700
v 0.00483624 0.01336591 -0.14083942
v 0.00632003 0.01359152 -0.14084974
v 0.00537299 0.01287818 -0.14956680
v 0.00689028 0.01311399 -0.14957057
v -0.01089599 0.01000001 -0.01500000
v -0.00451950 0.01485499 -0.02910672
v -0.00274985 0.01728981 -0.03918781
v -0.00104562 0.01847624 -0.05055474
v 0.00006452 0.01843880 -0.05881136
v 0.00124457 0.01799100 -0.06832475
v 0.00322390 0.01690494 -0.08582990
v 0.00529791 0.01572082 -0.10623501
v 0.00621116 0.01510922 -0.11604409
v 0.00702140 0.01453507 -0.12528293
v 0.00770377 0.01402928 -0.13365163
v 0.00825645 0.01359152 -0.14086583
v 0.00888215 0.01311399 -0.14957844
v -0.00455272 0.01000001 -0.01500000
v 0.00000472 0.01485499 -0.02894716
v 0.00094356 0.01728981 -0.03903340
v 0.00184861 0.01847624 -0.05056376
v 0.00248755 0.01843880 -0.05887959
v 0.00325100 0.01799100 -0.06835132
v 0.00479252 0.01690494 -0.08581941
v 0.00675574 0.01572082 -0.10615798
v 0.00770326 0.01510922 -0.11605895
v 0.00855195 0.01453507 -0.12532738
v 0.00927123 0.01402928 -0.13366485
v 0.00986427 0.01359152 -0.14088046
v 0.01054374 0.01311399 -0.14958703
v 0.00452895 0.01485499 -0.02878757
v 0.00820450 0.01596095 -0.03255881
v 0.00463700 0.01728981 -0.03887899
v 0.00800131 0.01728981 -0.03873071
v 0.00474282 0.01847624 -0.05057277
v 0.00763176 0.01847624 -0.05058143
v 0.00491061 0.01843880 -0.05894784
v 0.00748175 0.01843880 -0.05901345
v 0.00525744 0.01799100 -0.06837787
v 0.00752551 0.01799100 -0.06840344
v 0.00636115 0.01690494 -0.08580892
v 0.00828650 0.01690494 -0.08579866
v 0.00821360 0.01572082 -0.10608094
v 0.01002591 0.01572082 -0.10600662
v 0.00919536 0.01510922 -0.11607381
v 0.01102609 0.01510922 -0.11608821
v 0.01008250 0.01453507 -0.12537187
v 0.01194305 0.01453507 -0.12541562
v 0.01083866 0.01402928 -0.13367809
v 0.01273386 0.01402928 -0.13369275
v 0.01147211 0.01359152 -0.14089509
v 0.01340851 0.01359152 -0.14091123
v 0.01220533 0.01311399 -0.14959558
v 0.01419720 0.01311399 -0.14960349
v 0.00937123 0.01700296 -0.03865387
v 0.00995947 0.01599148 -0.03497430
v 0.01035200 0.01633886 -0.03858171
v 0.01086843 0.01526530 -0.03622541
v 0.01103757 0.01538536 -0.03851532
v 0.01127963 0.01431656 -0.03679134
v 0.01138006 0.01388765 -0.03845575
v 0.01134260 0.01368839 -0.03687803
v 0.01134024 0.01210986 -0.03687475
v 0.01133737 0.01000001 -0.03687082
v 0.01137018 0.00742823 -0.03833884
v 0.01166297 0.01444635 -0.05059749
v 0.01166353 0.00764642 -0.05060432
v 0.01192619 0.01400482 -0.05913537
v 0.01193058 0.00732739 -0.05918721
v 0.01231897 0.01320102 -0.06845140
v 0.01232037 0.00680954 -0.06847180
v 0.01339439 0.01179581 -0.08577826
v 0.01339403 0.00595953 -0.08576953
v 0.01507459 0.01065657 -0.10586621
v 0.01506835 0.00533146 -0.10580644
v 0.01602014 0.01011822 -0.11611565
v 0.01602133 0.00504698 -0.11612732
v 0.01690644 0.00958530 -0.12550480
v 0.01691117 0.00476110 -0.12554295
v 0.01769085 0.00908850 -0.13373445
v 0.01769583 0.00449052 -0.13375259
v 0.01838175 0.00863597 -0.14095654
v 0.01838724 0.00424114 -0.14097624
v 0.01920027 0.00810913 -0.14961544
v 0.01919986 0.00394767 -0.14962046
v 0.01125228 0.01000001 -0.03350194
v 0.01109817 0.00645986 -0.02822931
v 0.01121039 0.00000000 -0.03224469
v 0.01104072 0.00000000 -0.02627409
v 0.01105243 0.00000000 -0.01500000
v 0.01097184 0.01000001 -0.02129269
v 0.01100493 0.00843295 -0.01500000
v 0.01058621 0.01000001 -0.01734924
v 0.01067742 0.00916625 -0.01500000
v 0.01000938 0.01000001 -0.01573863
v 0.01008855 0.00971065 -0.01500000
v 0.00939317 0.01000001 -0.01508303
v 0.00856351 0.01000001 -0.01500000
v 0.00728558 0.01000001 -0.01500000
v 0.00905246 0.01000001 -0.01499946
v 0.01118194 0.01000001 -0.03093214
v 0.01107430 0.01000001 -0.02711432
v 0.01099741 0.01000001 -0.02351791
v 0.01138400 0.00000000 -0.03903193
v 0.01156411 0.00000000 -0.04674001
v 0.01180038 0.00000000 -0.05527967
v 0.01214257 0.00000000 -0.06457074
v 0.01264397 0.00000000 -0.07453645
v 0.01419339 0.00000000 -0.09580900
v 0.01604843 0.00000000 -0.11641577
v 0.01691292 0.00000000 -0.12555705
v 0.01769768 0.00000000 -0.13375930
v 0.01838927 0.00000000 -0.14098353
v 0.01897748 0.00000000 -0.14720895
v 0.01944954 0.00000000 -0.15239909
v 0.02130755 0.00000000 -0.17335103
v 0.02087585 0.00395310 -0.16917004
v 0.02064050 0.00379362 -0.16653579
v 0.02172528 0.00000000 -0.17757059
v 0.02150247 0.00437954 -0.17563361
v 0.02124504 0.00423575 -0.17298268
v 0.02119772 0.00860831 -0.17317326
v 0.02087405 0.00811637 -0.16918184
v 0.02079785 0.01047171 -0.17326280
v 0.02183684 0.00450383 -0.17915689
v 0.02231385 0.00000000 -0.18391935
v 0.02226869 0.00459278 -0.18381360
v 0.02281875 0.00463052 -0.18985964
v 0.02277379 0.00934235 -0.18997137
v 0.02353963 0.00932383 -0.19756280
v 0.02319945 0.01120719 -0.19746003
v 0.02366145 0.01117803 -0.20181032
v 0.02263709 0.01289655 -0.20147508
v 0.02311369 0.01289190 -0.20608565
v 0.02148944 0.01414257 -0.20550017
v 0.02210806 0.01422039 -0.21325462
v 0.01995490 0.01474102 -0.21237512
v 0.02028596 0.01485722 -0.21922090
v 0.01547175 0.01485722 -0.21704981
v 0.01533271 0.01491897 -0.22085810
v 0.00971860 0.01491897 -0.21819683
v 0.00943112 0.01496131 -0.22060650
v 0.00344924 0.01496131 -0.21756656
v 0.00238785 0.01500038 -0.22041426
v -0.00346941 0.01500038 -0.21713704
v -0.00533034 0.01500000 -0.21974962
v -0.00777268 0.01427404 -0.21826030
v 0.02268728 0.00000000 -0.18812141
v 0.02312429 0.00000000 -0.19317323
v 0.02351293 0.00460151 -0.19761924
v 0.02417953 0.00000000 -0.20568357
v 0.02390541 0.00456164 -0.20207646
v 0.02430932 0.00451084 -0.20675947
v 0.02440473 0.00920598 -0.20663191
v 0.02504811 0.00907545 -0.21450423
v 0.02475979 0.01104019 -0.21435148
v 0.02530518 0.01095073 -0.22149283
v 0.02430968 0.01283533 -0.22103697
v 0.02463538 0.01281504 -0.22526915
v 0.02290140 0.01430091 -0.22444657
v 0.02328652 0.01431359 -0.22765367
v 0.02083958 0.01496131 -0.22640697
v 0.02149932 0.01500038 -0.23110351
v 0.01564206 0.01500038 -0.22782626
v 0.01581749 0.01500000 -0.23264537
v 0.00841634 0.01500000 -0.22813220
v 0.02496655 0.00441655 -0.21456968
v 0.02530107 0.00000000 -0.21877247
v 0.02557368 0.00433080 -0.22166988
v 0.02580549 0.00000000 -0.22431506
v 0.02595514 0.00428813 -0.22589035
v 0.02623312 0.00000000 -0.22862715
v 0.02629535 0.00426700 -0.22922816
v 0.02686990 0.00000000 -0.23455845
v 0.02682878 0.00427622 -0.23413627
v 0.02728570 0.00900001 -0.23963855
v 0.02683513 0.00888843 -0.23412071
v 0.02700315 0.01096508 -0.23946625
v 0.02654409 0.01089160 -0.23394633
v 0.02613449 0.01278966 -0.23893655
v 0.02561410 0.01278854 -0.23341342
v 0.02460536 0.01427404 -0.23800408
v 0.02396711 0.01431031 -0.23248450
v 0.02216300 0.01500000 -0.23651473
v 0.00901497 0.01500038 -0.22412026
v 0.00101516 0.01500000 -0.22361903
v -0.00593720 0.01431031 -0.21575604
v -0.00930184 0.01278966 -0.21732782
v -0.00758419 0.01278854 -0.21482710
v -0.01017049 0.01096508 -0.21679813
v -0.00851416 0.01089160 -0.21429419
v -0.01045304 0.00900001 -0.21662585
v -0.00880522 0.00888843 -0.21411983
v -0.00879886 0.00427622 -0.21410425
v 0.02613449 -0.01278966 -0.23893655
v 0.02654409 -0.01089160 -0.23394633
v 0.02598466 -0.01088233 -0.22904459
v 0.02563591 -0.01090511 -0.22574368
v 0.02530518 -0.01095073 -0.22149283
v 0.02475979 -0.01104019 -0.21435148
v 0.02411207 -0.01113292 -0.20646819
v 0.02366145 -0.01117803 -0.20181032
v 0.02319945 -0.01120719 -0.19746003
v 0.02238746 -0.01119602 -0.18997542
v 0.02178187 -0.01109495 -0.18409710
v 0.02133907 -0.01092576 -0.17951432
v 0.02102216 -0.01071065 -0.17598530
v 0.02079785 -0.01047171 -0.17326280
v 0.02049963 -0.01001105 -0.16918760
v 0.02029130 -0.00974664 -0.16640210
v 0.02006478 -0.00959978 -0.16354478
v 0.01979729 -0.00957476 -0.16033755
v 0.01945983 -0.00967593 -0.15650937
v 0.01916826 -0.00982375 -0.15335405
v 0.01881454 -0.01003676 -0.14961299
v 0.01797413 -0.01059693 -0.14094600
v 0.01726618 -0.01108601 -0.13372472
v 0.01646176 -0.01163020 -0.12548512
v 0.01555415 -0.01222314 -0.11610968
v 0.01458819 -0.01282967 -0.10589675
v 0.01287747 -0.01403594 -0.08578274
v 0.01182329 -0.01532186 -0.06844098
v 0.01146363 -0.01597249 -0.05910892
v 0.01124463 -0.01623403 -0.05059400
v 0.02700315 -0.01096508 -0.23946625
v 0.02683513 -0.00888843 -0.23412071
v 0.02629162 -0.00886798 -0.22921028
v 0.02594999 -0.00889564 -0.22589161
v 0.02560696 -0.00895497 -0.22164393
v 0.02504811 -0.00907545 -0.21450423
v 0.02440473 -0.00920598 -0.20663191
v 0.02397417 -0.00927390 -0.20195720
v 0.02353963 -0.00932383 -0.19756280
v 0.02277379 -0.00934235 -0.18997137
v 0.02219127 -0.00925454 -0.18402541
v 0.02175472 -0.00908576 -0.17940926
v 0.02143308 -0.00886176 -0.17587600
v 0.02119772 -0.00860831 -0.17317326
v 0.02087405 -0.00811637 -0.16918184
v 0.02065515 -0.00783801 -0.16644567
v 0.02042587 -0.00768660 -0.16360677
v 0.02016105 -0.00766130 -0.16039813
v 0.01983044 -0.00776130 -0.15655275
v 0.01954517 -0.00790501 -0.15337000
v 0.01920027 -0.00810913 -0.14961544
v 0.01838175 -0.00863597 -0.14095654
v 0.01769085 -0.00908850 -0.13373445
v 0.01690644 -0.00958530 -0.12550480
v 0.01602014 -0.01011822 -0.11611565
v 0.01507459 -0.01065657 -0.10586621
v 0.01339439 -0.01179581 -0.08577826
v 0.01231897 -0.01320102 -0.06845140
v 0.01192619 -0.01400482 -0.05913537
v 0.01166297 -0.01444635 -0.05059749
v 0.02728570 -0.00900001 -0.23963855
v 0.02728570 -0.00434503 -0.23963855
v 0.02682878 -0.00427622 -0.23413627
v 0.02686990 0.00000000 -0.23455845
v 0.02623312 0.00000000 -0.22862715
v 0.02728570 0.00000000 -0.23963855
v 0.02580549 0.00000000 -0.22431506
v 0.02595514 -0.00428813 -0.22589035
v 0.02629535 -0.00426700 -0.22922816
v 0.02557368 -0.00433080 -0.22166988
v 0.02530107 0.00000000 -0.21877247
v 0.02496655 -0.00441655 -0.21456968
v 0.02417953 0.00000000 -0.20568357
v 0.02430932 -0.00451084 -0.20675947
v 0.02390541 -0.00456164 -0.20207646
v 0.02351293 -0.00460151 -0.19761924
v 0.02312429 0.00000000 -0.19317323
v 0.02281875 -0.00463052 -0.18985964
v 0.02268728 0.00000000 -0.18812141
v 0.02231385 0.00000000 -0.18391935
v 0.02172528 0.00000000 -0.17757059
v 0.02183684 -0.00450383 -0.17915689
v 0.02226869 -0.00459278 -0.18381360
v 0.02150247 -0.00437954 -0.17563361
v 0.02130755 0.00000000 -0.17335103
v 0.02124504 -0.00423575 -0.17298268
v 0.02087585 -0.00395310 -0.16917004
v 0.02035094 0.00000000 -0.16315792
v 0.02064050 -0.00379362 -0.16653579
v 0.01982008 0.00000000 -0.15667393
v 0.02014703 -0.00369425 -0.16052243
v 0.02040811 -0.00370779 -0.16373465
v 0.01944954 0.00000000 -0.15239909
v 0.01954086 -0.00383291 -0.15340297
v 0.01982287 -0.00375158 -0.15664124
v 0.01919986 -0.00394767 -0.14962046
v 0.01897748 0.00000000 -0.14720895
v 0.01838724 -0.00424114 -0.14097624
v 0.01838927 0.00000000 -0.14098353
v 0.01769583 -0.00449052 -0.13375259
v 0.01769768 0.00000000 -0.13375930
v 0.01691117 -0.00476110 -0.12554295
v 0.01691292 0.00000000 -0.12555705
v 0.01604843 0.00000000 -0.11641577
v 0.01419339 0.00000000 -0.09580900
v 0.01506835 -0.00533146 -0.10580644
v 0.01602133 -0.00504698 -0.11612732
v 0.01339403 -0.00595953 -0.08576953
v 0.01264397 0.00000000 -0.07453645
v 0.01232037 -0.00680954 -0.06847180
v 0.01214257 0.00000000 -0.06457074
v 0.01193058 -0.00732739 -0.05918721
v 0.01180038 0.00000000 -0.05527967
v 0.01166353 -0.00764642 -0.05060432
v 0.01156411 0.00000000 -0.04674001
v 0.01138400 0.00000000 -0.03903193
v 0.01121039 0.00000000 -0.03224469
v 0.01104072 0.00000000 -0.02627409
v 0.01084351 -0.00889036 -0.01500000
v 0.01049467 -0.01000001 -0.01698165
v 0.01039896 -0.00947857 -0.01500000
v 0.00980740 -0.01000001 -0.01543875
v 0.00977415 -0.00986539 -0.01500000
v 0.00943963 -0.01000001 -0.01510805
v 0.00907222 -0.01000001 -0.01500000
v 0.01124463 0.01623403 -0.05059400
v 0.01146363 0.01597249 -0.05910892
v 0.01182329 0.01532186 -0.06844098
v 0.01287747 0.01403594 -0.08578274
v 0.01458819 0.01282967 -0.10589675
v 0.01555415 0.01222314 -0.11610968
v 0.01646176 0.01163020 -0.12548512
v 0.01726618 0.01108601 -0.13372472
v 0.01797413 0.01059693 -0.14094600
v 0.01881454 0.01003676 -0.14961299
v 0.01032736 0.01744251 -0.05059012
v 0.01037041 0.01737172 -0.05907946
v 0.01056396 0.01690413 -0.06842935
v 0.01144473 0.01581246 -0.08578779
v 0.01314610 0.01463949 -0.10593085
v 0.01413436 0.01402443 -0.11610297
v 0.01506477 0.01343243 -0.12546290
v 0.01588874 0.01289848 -0.13371340
v 0.01661165 0.01242604 -0.14093373
v 0.01746910 0.01189553 -0.14961032
v 0.00910260 0.01819821 -0.05058590
v 0.00898012 0.01817693 -0.05904748
v 0.00902625 0.01774861 -0.06841678
v 0.00976417 0.01668767 -0.08579318
v 0.01146505 0.01551145 -0.10596776
v 0.01246185 0.01489840 -0.11609576
v 0.01338694 0.01432067 -0.12543933
v 0.01419426 0.01380988 -0.13370217
v 0.01489232 0.01336591 -0.14092151
v 0.01571452 0.01287818 -0.14960722
v -0.00846485 0.01633886 -0.03948509
v -0.00663014 0.01744251 -0.05053736
v -0.00539532 0.01737172 -0.05867974
v -0.00406197 0.01690413 -0.06827327
v -0.00185969 0.01581246 -0.08585103
v 0.00036540 0.01463949 -0.10638510
v 0.00127213 0.01402443 -0.11601493
v 0.00203914 0.01343243 -0.12519190
v 0.00265369 0.01289848 -0.13361632
v 0.00311688 0.01242604 -0.14082723
v 0.00361838 0.01189553 -0.14956371
v -0.00915043 0.01538536 -0.03955148
v -0.00754743 0.01623403 -0.05053348
v -0.00648851 0.01597249 -0.05865028
v -0.00532127 0.01532186 -0.06826166
v -0.00329242 0.01403594 -0.08585609
v -0.00107671 0.01282967 -0.10641922
v -0.00014762 0.01222314 -0.11600825
v 0.00064214 0.01163020 -0.12516967
v 0.00127627 0.01108601 -0.13360499
v 0.00175440 0.01059693 -0.14081496
v 0.00227297 0.01003676 -0.14956106
v -0.00949294 0.01388765 -0.03961105
v -0.00796577 0.01444635 -0.05053000
v -0.00695109 0.01400482 -0.05862386
v -0.00581698 0.01320102 -0.06825125
v -0.00380931 0.01179581 -0.08586056
v -0.00156312 0.01065657 -0.10644975
v -0.00061364 0.01011822 -0.11600226
v 0.00019743 0.00958530 -0.12514997
v 0.00085159 0.00908850 -0.13359526
v 0.00134681 0.00863597 -0.14080439
v 0.00188722 0.00810913 -0.14955860
v -0.00796633 0.00764642 -0.05052317
v -0.00695706 0.00118372 -0.05855340
v -0.00581876 -0.00337947 -0.06822526
v -0.00380906 -0.00744558 -0.08586757
v -0.00948035 -0.00365681 -0.03975997
v -0.01108321 0.00102560 -0.02970830
v -0.00948500 -0.00922035 -0.03970490
v -0.00796620 -0.00950300 -0.05052451
v -0.00611419 -0.01728981 -0.03933609
v -0.00393456 -0.01847624 -0.05054608
v -0.00250665 -0.01843880 -0.05874575
v -0.00102349 -0.01799100 -0.06829918
v 0.00129855 -0.01690494 -0.08584016
v 0.00348559 -0.01572082 -0.10630937
v 0.00438041 -0.01510922 -0.11602969
v 0.00516085 -0.01453507 -0.12523915
v 0.00580860 -0.01402928 -0.13363700
v 0.00632003 -0.01359152 -0.14084974
v 0.00689028 -0.01311399 -0.14957057
v -0.00274985 -0.01728981 -0.03918781
v -0.00104562 -0.01847624 -0.05055474
v 0.00006452 -0.01843880 -0.05881136
v 0.00124457 -0.01799100 -0.06832475
v 0.00322390 -0.01690494 -0.08582990
v 0.00529791 -0.01572082 -0.10623501
v 0.00621116 -0.01510922 -0.11604409
v 0.00702140 -0.01453507 -0.12528293
v 0.00770377 -0.01402928 -0.13365163
v 0.00825645 -0.01359152 -0.14086583
v 0.00888215 -0.01311399 -0.14957844
v 0.00094356 -0.01728981 -0.03903340
v 0.00184861 -0.01847624 -0.05056376
v 0.00248755 -0.01843880 -0.05887959
v 0.00325100 -0.01799100 -0.06835132
v 0.00479252 -0.01690494 -0.08581941
v 0.00675574 -0.01572082 -0.10615798
v 0.00770326 -0.01510922 -0.11605895
v 0.00855195 -0.01453507 -0.12532738
v 0.00927123 -0.01402928 -0.13366485
v 0.00986427 -0.01359152 -0.14088046
v 0.01054374 -0.01311399 -0.14958703
v 0.00474282 -0.01847624 -0.05057277
v 0.00491061 -0.01843880 -0.05894784
v 0.00525744 -0.01799100 -0.06837787
v 0.00636115 -0.01690494 -0.08580892
v 0.00821360 -0.01572082 -0.10608094
v 0.00919536 -0.01510922 -0.11607381
v 0.01008250 -0.01453507 -0.12537187
v 0.01083866 -0.01402928 -0.13367809
v 0.01147211 -0.01359152 -0.14089509
v 0.01220533 -0.01311399 -0.14959558
v -0.00695549 0.00732739 -0.05857199
v -0.00581838 0.00680954 -0.06823085
v -0.00380898 0.00595953 -0.08586930
v -0.00155684 0.00533146 -0.10650954
v -0.00061481 0.00504698 -0.11599057
v 0.00019271 0.00476110 -0.12511184
v 0.00084661 0.00449052 -0.13357713
v 0.00134130 0.00424114 -0.14078471
v 0.00188763 0.00394767 -0.14955358
v -0.00581889 0.00111077 -0.06822354
v -0.00380888 -0.00297193 -0.08587168
v -0.00155809 -0.00666519 -0.10649773
v -0.00380886 0.00098610 -0.08587242
v -0.00155461 0.00088819 -0.10653095
v -0.00061524 0.00084257 -0.11598638
v 0.00019101 0.00079718 -0.12509815
v 0.00084483 0.00075466 -0.13357063
v 0.00133934 0.00071577 -0.14077762
v 0.00188778 0.00067033 -0.14955177
v -0.00155512 -0.00266520 -0.10652590
v -0.00061458 -0.00630949 -0.11599288
v -0.00061514 -0.00252501 -0.11598737
v 0.00019141 -0.00238463 -0.12510138
v 0.00084524 -0.00225217 -0.13357218
v 0.00133980 -0.00213040 -0.14077929
v 0.00188775 -0.00198742 -0.14955221
v 0.00019365 -0.00595277 -0.12511936
v 0.00084760 -0.00561576 -0.13358070
v 0.00134239 -0.00530563 -0.14078860
v 0.00188755 -0.00494088 -0.14955457
v 0.02016105 0.00766130 -0.16039813
v 0.01979729 0.00957476 -0.16033755
v 0.02006478 0.00959978 -0.16354478
v 0.01846872 0.01147478 -0.16027284
v 0.01874594 0.01149637 -0.16347887
v 0.01898650 0.01161898 -0.16635591
v 0.01667688 0.01251382 -0.16019630
v 0.01695597 0.01254285 -0.16340015
v 0.01720926 0.01265972 -0.16630046
v 0.01745882 0.01285161 -0.16920103
v 0.01511272 0.01276789 -0.16010046
v 0.01538176 0.01280155 -0.16329993
v 0.01562951 0.01291968 -0.16622918
v 0.01587556 0.01310846 -0.16920997
v 0.01622168 0.01342453 -0.17360483
v 0.01302997 0.01276789 -0.15989523
v 0.01326665 0.01280155 -0.16308321
v 0.01348021 0.01291968 -0.16607442
v 0.01368354 0.01310846 -0.16922895
v 0.01392664 0.01342453 -0.17392447
v 0.01406825 0.01360660 -0.17675645
v 0.01126932 0.01276789 -0.15967004
v 0.01146843 0.01280155 -0.16284438
v 0.01164333 0.01291968 -0.16590350
v 0.01180130 0.01310846 -0.16924970
v 0.01193414 0.01342453 -0.17428169
v 0.01196236 0.01360660 -0.17719182
v 0.01196673 0.01379957 -0.18054972
v 0.00950864 0.01276789 -0.15944487
v 0.00967019 0.01280155 -0.16260554
v 0.00980646 0.01291968 -0.16573259
v 0.00991903 0.01310846 -0.16927042
v 0.00994161 0.01342453 -0.17463889
v 0.00985650 0.01360660 -0.17762720
v 0.00968665 0.01379957 -0.18094592
v 0.00942675 0.01399956 -0.18469710
v 0.00742592 0.01276789 -0.15923964
v 0.00755508 0.01280155 -0.16238883
v 0.00765716 0.01291968 -0.16557783
v 0.00772704 0.01310846 -0.16928940
v 0.00764657 0.01342453 -0.17495856
v 0.00746282 0.01360660 -0.17801059
v 0.00714713 0.01379957 -0.18128295
v 0.00668426 0.01399956 -0.18484314
v 0.00607771 0.01420274 -0.18875246
v 0.00586176 0.01251382 -0.15914380
v 0.00598086 0.01254285 -0.16228858
v 0.00607738 0.01265972 -0.16550655
v 0.00614375 0.01285161 -0.16929834
v 0.00604751 0.01317384 -0.17510207
v 0.00584218 0.01335316 -0.17817676
v 0.00549079 0.01353492 -0.18141757
v 0.00497530 0.01371189 -0.18487608
v 0.00429786 0.01387676 -0.18859772
v 0.00347878 0.01402230 -0.19270165
v 0.00406992 0.01147478 -0.15906728
v 0.00419090 0.01149637 -0.16220989
v 0.00430017 0.01161898 -0.16545113
v 0.00438897 0.01183234 -0.16930561
v 0.00432725 0.01219589 -0.17521019
v 0.00413946 0.01238788 -0.17829654
v 0.00380502 0.01256759 -0.18150510
v 0.00330627 0.01272068 -0.18487622
v 0.00264706 0.01283284 -0.18844390
v 0.00185019 0.01288999 -0.19231648
v 0.00131437 0.01289655 -0.19476177
v 0.00274135 0.00957476 -0.15900255
v 0.00287205 0.00959978 -0.16214394
v 0.00299535 0.00974664 -0.16540490
v 0.00310297 0.01001105 -0.16931181
v 0.00307040 0.01047171 -0.17530059
v 0.00290259 0.01071065 -0.17839838
v 0.00259441 0.01092576 -0.18158514
v 0.00213111 0.01109495 -0.18489386
v 0.00152062 0.01119602 -0.18835106
v 0.00079055 0.01120719 -0.19205778
v 0.00029002 0.01117803 -0.19442654
v -0.00046299 0.01113292 -0.19745727
v 0.00237759 0.00766130 -0.15894197
v 0.00251097 0.00768660 -0.16208197
v 0.00263149 0.00783801 -0.16536137
v 0.00272852 0.00811637 -0.16931757
v 0.00267053 0.00860831 -0.17539009
v 0.00249164 0.00886176 -0.17850767
v 0.00217874 0.00908576 -0.18169019
v 0.00172171 0.00925454 -0.18496554
v 0.00113429 0.00934235 -0.18835510
v 0.00045039 0.00932383 -0.19195501
v -0.00002273 0.00927390 -0.19427965
v -0.00075562 0.00920598 -0.19729353
v -0.00270614 0.00907545 -0.20301199
v 0.00239161 0.00369425 -0.15881767
v 0.00252875 0.00370779 -0.16195408
v 0.00264615 0.00379362 -0.16527125
v 0.00272672 0.00395310 -0.16932933
v 0.00262321 0.00423575 -0.17558070
v 0.00242227 0.00437954 -0.17875004
v 0.00209664 0.00450383 -0.18194256
v 0.00164432 0.00459278 -0.18517732
v 0.00108933 0.00463052 -0.18846683
v 0.00047706 0.00460151 -0.19189857
v 0.00004602 0.00456164 -0.19416040
v -0.00066025 0.00451084 -0.19716594
v -0.00262456 0.00441655 -0.20294654
v -0.00495038 0.00433080 -0.20777252
v 0.00239664 0.00063152 -0.15877308
v 0.00253510 0.00063368 -0.16190826
v 0.00265140 0.00064681 -0.16523893
v 0.00272608 0.00067102 -0.16933357
v 0.00260624 0.00071389 -0.17564903
v 0.00239740 0.00073586 -0.17883693
v 0.00206720 0.00075514 -0.18203304
v 0.00161656 0.00076944 -0.18525328
v 0.00107323 0.00077645 -0.18850689
v 0.00048664 0.00077391 -0.19187836
v 0.00007069 0.00076901 -0.19411764
v -0.00062603 0.00076248 -0.19712024
v -0.00259532 0.00075014 -0.20292309
v -0.00493845 0.00073881 -0.20776321
v -0.00651980 0.00073322 -0.21050377
v 0.00239545 -0.00186449 -0.15878366
v 0.00253360 -0.00187117 -0.16191910
v 0.00265016 -0.00191280 -0.16524659
v 0.00272623 -0.00198994 -0.16933255
v 0.00261026 -0.00212654 -0.17563285
v 0.00240330 -0.00219621 -0.17881635
v 0.00207416 -0.00225676 -0.18201163
v 0.00162314 -0.00230066 -0.18523529
v 0.00107704 -0.00232034 -0.18849738
v 0.00048438 -0.00230838 -0.19188313
v 0.00006485 -0.00229039 -0.19412776
v -0.00063414 -0.00226718 -0.19713105
v -0.00260226 -0.00222377 -0.20292863
v -0.00494127 -0.00218422 -0.20776542
v -0.00651937 -0.00216456 -0.21050365
v -0.00743412 -0.00215494 -0.21197994
v 0.00238884 -0.00462585 -0.15884218
v 0.00252524 -0.00464261 -0.16197933
v 0.00264325 -0.00474924 -0.16528903
v 0.00272707 -0.00494754 -0.16932702
v 0.00263253 -0.00529908 -0.17554311
v 0.00243596 -0.00547802 -0.17870226
v 0.00211282 -0.00563283 -0.18189277
v 0.00165959 -0.00574380 -0.18513557
v 0.00109819 -0.00579125 -0.18844478
v 0.00047180 -0.00575587 -0.19190972
v 0.00003246 -0.00570669 -0.19418392
v -0.00067904 -0.00564396 -0.19719113
v -0.00264066 -0.00552737 -0.20295946
v -0.00495694 -0.00542133 -0.20777763
v -0.00651695 -0.00536857 -0.21050307
v -0.00743237 -0.00534251 -0.21198834
v 0.00237759 -0.00766130 -0.15894197
v 0.00251097 -0.00768660 -0.16208197
v 0.00263149 -0.00783801 -0.16536137
v 0.00272852 -0.00811637 -0.16931757
v 0.00267053 -0.00860831 -0.17539009
v 0.00249164 -0.00886176 -0.17850767
v 0.00217874 -0.00908576 -0.18169019
v 0.00172171 -0.00925454 -0.18496554
v 0.00113429 -0.00934235 -0.18835510
v 0.00045039 -0.00932383 -0.19195501
v -0.00002273 -0.00927390 -0.19427965
v -0.00075562 -0.00920598 -0.19729353
v -0.00270614 -0.00907545 -0.20301199
v -0.00498366 -0.00895497 -0.20779846
v -0.00651281 -0.00889564 -0.21050207
v -0.00742937 -0.00886798 -0.21200268
v 0.00274135 -0.00957476 -0.15900255
v 0.00287205 -0.00959978 -0.16214394
v 0.00299535 -0.00974664 -0.16540490
v 0.00310297 -0.01001105 -0.16931181
v 0.00307040 -0.01047171 -0.17530059
v 0.00290259 -0.01071065 -0.17839838
v 0.00259441 -0.01092576 -0.18158514
v 0.00213111 -0.01109495 -0.18489386
v 0.00152062 -0.01119602 -0.18835106
v 0.00079055 -0.01120719 -0.19205778
v 0.00029002 -0.01117803 -0.19442654
v -0.00046299 -0.01113292 -0.19745727
v -0.00241783 -0.01104019 -0.20316474
v -0.00468188 -0.01095073 -0.20794959
v -0.00619874 -0.01090511 -0.21065001
v -0.00712244 -0.01088233 -0.21216840
v 0.00406992 -0.01147478 -0.15906728
v 0.00419090 -0.01149637 -0.16220989
v 0.00430017 -0.01161898 -0.16545113
v 0.00438897 -0.01183234 -0.16930561
v 0.00432725 -0.01219589 -0.17521019
v 0.00413946 -0.01238788 -0.17829654
v 0.00380502 -0.01256759 -0.18150510
v 0.00330627 -0.01272068 -0.18487622
v 0.00264706 -0.01283284 -0.18844390
v 0.00185019 -0.01288999 -0.19231648
v 0.00131437 -0.01289655 -0.19476177
v 0.00053538 -0.01289190 -0.19783979
v -0.00142966 -0.01286772 -0.20358174
v -0.00368638 -0.01283533 -0.20840545
v -0.00519821 -0.01281504 -0.21112454
v -0.00614202 -0.01280104 -0.21267793
v 0.00586176 -0.01251382 -0.15914380
v 0.00598086 -0.01254285 -0.16228858
v 0.00607738 -0.01265972 -0.16550655
v 0.00614375 -0.01285161 -0.16929834
v 0.00604751 -0.01317384 -0.17510207
v 0.00584218 -0.01335316 -0.17817676
v 0.00549079 -0.01353492 -0.18141757
v 0.00497530 -0.01371189 -0.18487608
v 0.00429786 -0.01387676 -0.18859772
v 0.00347878 -0.01402230 -0.19270165
v 0.00293507 -0.01408585 -0.19526183
v 0.00215963 -0.01414257 -0.19842526
v 0.00023391 -0.01422039 -0.20426161
v -0.00197495 -0.01427599 -0.20917878
v -0.00346420 -0.01430091 -0.21194712
v -0.00442427 -0.01431359 -0.21355932
v 0.00742592 -0.01276789 -0.15923964
v 0.00755508 -0.01280155 -0.16238883
v 0.00765716 -0.01291968 -0.16557783
v 0.00772704 -0.01310846 -0.16928940
v 0.00764657 -0.01342453 -0.17495856
v 0.00746282 -0.01360660 -0.17801059
v 0.00714713 -0.01379957 -0.18128295
v 0.00668426 -0.01399956 -0.18484314
v 0.00607771 -0.01420274 -0.18875246
v 0.00534815 -0.01440515 -0.19314564
v 0.00486072 -0.01450391 -0.19585704
v 0.00415684 -0.01459850 -0.19914411
v 0.00238707 -0.01474102 -0.20514111
v 0.00033734 -0.01485722 -0.21022149
v -0.00105921 -0.01491897 -0.21308745
v -0.00197734 -0.01496131 -0.21480600
v 0.00950864 -0.01276789 -0.15944487
v 0.00967019 -0.01280155 -0.16260554
v 0.00980646 -0.01291968 -0.16573259
v 0.00991903 -0.01310846 -0.16927042
v 0.00994161 -0.01342453 -0.17463889
v 0.00985650 -0.01360660 -0.17762720
v 0.00968665 -0.01379957 -0.18094592
v 0.00942675 -0.01399956 -0.18469710
v 0.00908754 -0.01420274 -0.18897666
v 0.00869493 -0.01440515 -0.19395323
v 0.00841182 -0.01450391 -0.19697723
v 0.00795078 -0.01459850 -0.20053057
v 0.00667591 -0.01474102 -0.20690283
v 0.00515155 -0.01485722 -0.21239258
v 0.00410446 -0.01491897 -0.21553558
v 0.00344924 -0.01496131 -0.21756656
v 0.01126932 -0.01276789 -0.15967004
v 0.01146843 -0.01280155 -0.16284438
v 0.01164333 -0.01291968 -0.16590350
v 0.01180130 -0.01310846 -0.16924970
v 0.01193414 -0.01342453 -0.17428169
v 0.01196236 -0.01360660 -0.17719182
v 0.01196673 -0.01379957 -0.18054972
v 0.01195649 -0.01399956 -0.18449546
v 0.01195405 -0.01420274 -0.18916322
v 0.01199500 -0.01440515 -0.19475892
v 0.01197572 -0.01450391 -0.19811843
v 0.01182454 -0.01459850 -0.20196272
v 0.01117100 -0.01474102 -0.20875812
v 0.01031166 -0.01485722 -0.21472120
v 0.00971860 -0.01491897 -0.21819683
v 0.00943112 -0.01496131 -0.22060650
v 0.01302997 -0.01276789 -0.15989523
v 0.01326665 -0.01280155 -0.16308321
v 0.01348021 -0.01291968 -0.16607442
v 0.01368354 -0.01310846 -0.16922895
v 0.01392664 -0.01342453 -0.17392447
v 0.01406825 -0.01360660 -0.17675645
v 0.01424684 -0.01379957 -0.18015354
v 0.01448626 -0.01399956 -0.18429386
v 0.01482057 -0.01420274 -0.18934982
v 0.01529509 -0.01440515 -0.19556458
v 0.01553964 -0.01450391 -0.19925963
v 0.01569829 -0.01459850 -0.20339488
v 0.01566606 -0.01474102 -0.21061340
v 0.01547175 -0.01485722 -0.21704981
v 0.01533271 -0.01491897 -0.22085810
v 0.01541297 -0.01496131 -0.22364640
v 0.01511272 -0.01276789 -0.16010046
v 0.01538176 -0.01280155 -0.16329993
v 0.01562951 -0.01291968 -0.16622918
v 0.01587556 -0.01310846 -0.16920997
v 0.01622168 -0.01342453 -0.17360483
v 0.01646189 -0.01360660 -0.17637305
v 0.01678633 -0.01379957 -0.17981651
v 0.01722872 -0.01399956 -0.18414782
v 0.01783037 -0.01420274 -0.18957401
v 0.01864185 -0.01440515 -0.19637217
v 0.01909072 -0.01450391 -0.20037979
v 0.01949224 -0.01459850 -0.20478135
v 0.01995490 -0.01474102 -0.21237512
v 0.02028596 -0.01485722 -0.21922090
v 0.02049638 -0.01491897 -0.22330623
v 0.02083958 -0.01496131 -0.22640697
v 0.02143308 0.00886176 -0.17587600
v 0.02175472 0.00908576 -0.17940926
v 0.02219127 0.00925454 -0.18402541
v 0.02102216 0.01071065 -0.17598530
v 0.02133907 0.01092576 -0.17951432
v 0.02178187 0.01109495 -0.18409710
v 0.02238746 0.01119602 -0.18997542
v 0.01978528 0.01238788 -0.17608710
v 0.02012846 0.01256759 -0.17959436
v 0.02060672 0.01272068 -0.18411474
v 0.02126102 0.01283284 -0.18988257
v 0.02213981 0.01288999 -0.19720136
v 0.01844269 0.01353492 -0.17968189
v 0.01722872 0.01399956 -0.18414782
v 0.01482057 0.01420274 -0.18934982
v 0.01199500 0.01440515 -0.19475892
v 0.00841182 0.01450391 -0.19697723
v 0.00415684 0.01459850 -0.19914411
v 0.00023391 0.01422039 -0.20426161
v -0.00368638 0.01283533 -0.20840545
v -0.00619874 0.01090511 -0.21065001
v -0.00742937 0.00886798 -0.21200268
v 0.01893768 0.01371189 -0.18411488
v 0.01961022 0.01387676 -0.18972878
v 0.02051121 0.01402230 -0.19681620
v 0.02101637 0.01408585 -0.20097501
v 0.01783037 0.01420274 -0.18957401
v 0.01529509 0.01440515 -0.19556458
v 0.01197572 0.01450391 -0.19811843
v 0.00795078 0.01459850 -0.20053057
v 0.00238707 0.01474102 -0.20514111
v -0.00197495 0.01427599 -0.20917878
v -0.00519821 0.01281504 -0.21112454
v -0.00712244 0.01088233 -0.21216840
v 0.01864185 0.01440515 -0.19637217
v 0.01909072 0.01450391 -0.20037979
v 0.01949224 0.01459850 -0.20478135
v 0.02397417 0.00927390 -0.20195720
v 0.02411207 0.01113292 -0.20646819
v 0.02377163 0.01286772 -0.21393449
v 0.02259828 0.01427599 -0.22026361
v 0.02049638 0.01491897 -0.22330623
v 0.01541297 0.01496131 -0.22364640
v 0.01553964 0.01450391 -0.19925963
v 0.01182454 0.01459850 -0.20196272
v 0.00667591 0.01474102 -0.20690283
v 0.00033734 0.01485722 -0.21022149
v -0.00346420 0.01430091 -0.21194712
v -0.00614202 0.01280104 -0.21267793
v 0.01569829 0.01459850 -0.20339488
v 0.01566606 0.01474102 -0.21061340
v 0.01117100 0.01474102 -0.20875812
v 0.00515155 0.01485722 -0.21239258
v -0.00105921 0.01491897 -0.21308745
v -0.00442427 0.01431359 -0.21355932
v 0.02560696 0.00895497 -0.22164393
v 0.02563591 0.01090511 -0.22574368
v 0.02500424 0.01280104 -0.22853506
v 0.02594999 0.00889564 -0.22589161
v 0.02629162 0.00886798 -0.22921028
v 0.01031166 0.01485722 -0.21472120
v 0.00410446 0.01491897 -0.21553558
v -0.00197734 0.01496131 -0.21480600
v 0.02598466 0.01088233 -0.22904459
v -0.00114861 -0.01000001 -0.01500000
v -0.00372859 -0.00991588 -0.01463525
v -0.00455272 -0.01000001 -0.01500000
v -0.00756915 -0.00991273 -0.01462735
v -0.01068250 -0.01000001 -0.01500000
v -0.01082820 -0.00991024 -0.01462090
v -0.01068250 -0.01000001 -0.01500000
v -0.01082820 -0.00991024 -0.01462090
v -0.01165847 -0.00989002 -0.01461920
v -0.01182400 -0.00984258 -0.01434394
v -0.01257549 -0.00958192 -0.01433718
v -0.01278336 -0.00948672 -0.01395679
v -0.01331062 -0.00890902 -0.01394971
v -0.01344343 -0.00881474 -0.01356624
v -0.01364089 -0.00806084 -0.01356358
v -0.01358379 -0.00874867 -0.01300030
v -0.01373061 -0.00800001 -0.01300000
v 0.00225547 -0.01000001 -0.01500000
v 0.00312153 -0.00991885 -0.01464330
v -0.00381556 -0.00990041 -0.01435885
v 0.00313733 -0.00990404 -0.01436710
v -0.00394325 -0.00992050 -0.01396906
v 0.00318788 -0.00992360 -0.01397333
v -0.00405445 -0.00996196 -0.01357340
v 0.00324719 -0.00996368 -0.01357277
v -0.01171189 -0.01000001 -0.01300000
v -0.00225593 -0.01000001 -0.01300000
v 0.00720006 -0.01000001 -0.01300000
v 0.00901464 -0.00996274 -0.01357823
v 0.00913930 -0.01000001 -0.01300000
v 0.00980239 -0.00982378 -0.01357688
v 0.01003071 -0.00979094 -0.01300046
v 0.01045769 -0.00942767 -0.01357216
v 0.01055543 -0.00941418 -0.01300000
v 0.01091375 -0.00881319 -0.01356675
v 0.01099594 -0.00874476 -0.01300000
v 0.01110612 -0.00805652 -0.01356401
v 0.01114196 -0.00800001 -0.01300000
v 0.01111387 0.00100470 -0.01356248
v 0.01111364 0.00503794 -0.01356291
v 0.01109538 0.00510517 -0.01395062
v 0.01106536 0.00815741 -0.01395019
v 0.01103300 0.00826849 -0.01433573
v 0.01074191 0.00898708 -0.01433990
v 0.01069668 0.00906595 -0.01461917
v 0.01013534 0.00959902 -0.01462557
v 0.01008855 0.00971065 -0.01500000
v 0.00942934 0.00987552 -0.01463126
v 0.00856351 0.01000001 -0.01500000
v 0.00866219 0.00991415 -0.01463401
v 0.00728558 0.01000001 -0.01500000
v 0.00136644 0.01000001 -0.01500000
v 0.00907222 -0.01000001 -0.01500000
v 0.00859787 -0.00991753 -0.01464315
v 0.00867964 -0.00990237 -0.01436855
v 0.00884512 -0.00992208 -0.01397749
v 0.00940123 -0.00988398 -0.01464074
v 0.00977415 -0.00986539 -0.01500000
v 0.01016000 -0.00959056 -0.01463449
v 0.01039896 -0.00947857 -0.01500000
v 0.01074984 -0.00900008 -0.01462692
v 0.01084351 -0.00889036 -0.01500000
v 0.01104552 -0.00821929 -0.01462324
v 0.01104290 -0.00819617 -0.01500000
v 0.01105243 0.00000000 -0.01500000
v 0.01100493 0.00843295 -0.01500000
v 0.01106688 0.00524830 -0.01461793
v 0.01106719 0.00110985 -0.01462024
v 0.01105624 -0.00819531 -0.01434346
v 0.01077018 -0.00896313 -0.01434813
v 0.01083495 -0.00888845 -0.01395893
v 0.01032370 -0.00948019 -0.01396764
v 0.01101542 0.00834667 -0.01461592
v 0.01067742 0.00916625 -0.01500000
v -0.00455272 0.01000001 -0.01500000
v -0.00051486 0.00991890 -0.01464313
v 0.00876318 0.00989838 -0.01435788
v -0.00052319 0.00990402 -0.01436682
v 0.00891477 0.00991890 -0.01396924
v -0.00056109 0.00992348 -0.01397297
v 0.00904860 0.00996122 -0.01357457
v -0.00060843 0.00996348 -0.01357247
v 0.00913930 0.01000001 -0.01300000
v 0.00719173 0.01000001 -0.01300000
v 0.00111181 0.01000001 -0.01300000
v -0.00496809 0.01000001 -0.01300000
v 0.00982200 0.00982086 -0.01357379
v 0.01002998 0.00979129 -0.01300046
v 0.01046899 0.00941708 -0.01357064
v 0.01055441 0.00941520 -0.01300000
v 0.01099807 0.00874443 -0.01300013
v 0.01114196 0.00800001 -0.01300000
v 0.01110061 0.00806275 -0.01356388
v 0.01091443 0.00880242 -0.01356655
v 0.01034181 0.00946140 -0.01396116
v 0.00968195 0.00981509 -0.01396700
v 0.00952782 0.00983511 -0.01435476
v -0.01259126 -0.00980227 -0.01300107
v -0.01233246 -0.00981133 -0.01358026
v -0.01171189 -0.01000001 -0.01300000
v -0.01153584 -0.00995944 -0.01358196
v -0.01153584 -0.00995944 -0.01358196
v -0.00812549 -0.00996051 -0.01357777
v -0.00792757 -0.00991751 -0.01396779
v -0.01298499 -0.00942101 -0.01357325
v -0.01313551 -0.00941804 -0.01300000
v -0.01373061 -0.00685714 -0.01300000
v -0.01373061 -0.00571429 -0.01300000
v -0.01365296 -0.00453781 -0.01356304
v -0.01373061 -0.00457144 -0.01300000
v -0.01373061 -0.00342857 -0.01300000
v -0.01373061 -0.00228572 -0.01300000
v -0.01365306 -0.00100790 -0.01356289
v -0.01359858 -0.00458488 -0.01395166
v -0.01359863 -0.00101943 -0.01395263
v -0.01354379 -0.00464614 -0.01433929
v -0.01354374 -0.00104351 -0.01434120
v -0.01350388 -0.00469549 -0.01461955
v -0.01350383 -0.00107140 -0.01462141
v -0.01340653 -0.00841172 -0.01500000
v -0.01343581 0.00823326 -0.01500000
v -0.01350330 0.00513959 -0.01462329
v -0.01347625 0.00825685 -0.01462298
v -0.01351554 0.00822762 -0.01434335
v -0.01320759 0.00900346 -0.01434455
v -0.01331968 0.00891217 -0.01395717
v -0.01279108 0.00949543 -0.01396627
v -0.01298344 0.00942884 -0.01357412
v -0.01232657 0.00981827 -0.01358138
v -0.01248301 0.00984834 -0.01300000
v -0.01171189 0.01000001 -0.01300000
v -0.01373061 -0.00114285 -0.01300000
v -0.01373061 0.00000000 -0.01300000
v -0.01373061 0.00114285 -0.01300000
v -0.01373061 0.00228572 -0.01300000
v -0.01373061 0.00342857 -0.01300000
v -0.01373061 0.00457144 -0.01300000
v -0.01373061 0.00571429 -0.01300000
v -0.01365285 0.00504518 -0.01356365
v -0.01359814 0.00509328 -0.01395435
v -0.01354315 0.00513154 -0.01434341
v -0.01373061 0.00685714 -0.01300000
v -0.01373061 0.00800001 -0.01300000
v -0.01364343 0.00806547 -0.01356462
v -0.01358174 0.00874883 -0.01300000
v -0.01344516 0.00882056 -0.01356718
v -0.01313652 0.00941702 -0.01300000
v -0.00640743 0.00996333 -0.01357749
v -0.01153620 0.00996284 -0.01358367
v -0.01209167 0.00982411 -0.01397643
v -0.01261361 0.00957560 -0.01435308
v -0.01315606 0.00904702 -0.01462339
v -0.00624609 0.00992332 -0.01397681
v -0.00608935 0.00990392 -0.01436815
v -0.00601279 0.00991883 -0.01464297
v -0.01093140 0.00991779 -0.01464033
v -0.01089599 0.01000001 -0.01500000
v -0.01174948 0.00989414 -0.01463716
v -0.01254155 0.00967572 -0.01500000
v -0.01253325 0.00962863 -0.01462959
v -0.01315466 0.00904565 -0.01500000
v -0.01345743 -0.00833229 -0.01461458
v -0.01304856 -0.00920153 -0.01500000
v -0.01310289 -0.00910841 -0.01461201
v -0.01236919 -0.00977628 -0.01500000
v -0.01245334 -0.00966201 -0.01461470
v -0.01128144 -0.00991519 -0.01396726
v -0.00770893 -0.00989668 -0.01435181
v -0.01128144 -0.00991519 -0.01396726
v -0.01100313 -0.00989373 -0.01434625
v -0.01100313 -0.00989373 -0.01434625
v -0.01208857 -0.00981227 -0.01396490
v 0.01021077 0.00953204 -0.01434785
v 0.01107836 0.00518724 -0.01433756
v 0.01107877 0.00107282 -0.01433985
v 0.01020524 -0.00954451 -0.01435768
v 0.00947509 -0.00984788 -0.01436563
v 0.00963450 -0.00982528 -0.01397503
v 0.01107902 -0.00813008 -0.01395461
v 0.01109576 0.00103228 -0.01395161
v 0.01082700 0.00888395 -0.01395418
v -0.01129508 0.00992233 -0.01398008
v -0.01105532 0.00990267 -0.01436715
v -0.01357782 0.00815101 -0.01395491
v -0.01357124 -0.00815218 -0.01394912
v -0.01350274 -0.00825843 -0.01433421
v -0.01317925 -0.00902508 -0.01433231
v -0.01186315 0.00985370 -0.01436317
v 0.01133737 -0.01000001 -0.03687082
v 0.01124707 -0.01000001 -0.03330545
v -0.00455272 -0.01000001 -0.01500000
v 0.01117346 -0.01000001 -0.03063512
v -0.00114861 -0.01000001 -0.01500000
v 0.01106048 -0.01000001 -0.02656174
v 0.00225547 -0.01000001 -0.01500000
v 0.01099167 -0.01000001 -0.02310308
v 0.01097402 -0.01000001 -0.02129267
v 0.01049467 -0.01000001 -0.01698165
v 0.00907222 -0.01000001 -0.01500000
v 0.00980740 -0.01000001 -0.01543875
v 0.00943963 -0.01000001 -0.01510805
v -0.00455272 -0.01000001 -0.01500000
v 0.00214693 -0.01334059 -0.02422129
v 0.01133737 -0.01000001 -0.03687082
v 0.01134029 -0.01215766 -0.03687486
v 0.00538594 -0.01483182 -0.02867939
v 0.01134273 -0.01368839 -0.03687821
v 0.00701713 -0.01551104 -0.03092453
v 0.01115873 -0.01472524 -0.03662492
v 0.00820430 -0.01596276 -0.03255851
v 0.01033983 -0.01578694 -0.03549782
f 1 2 3
f 3 2 4
f 4 2 5
f 5 2 6
f 6 2 7
f 7 2 8
f 8 2 9
f 9 2 10
f 10 2 11
f 12 13 14
f 14 13 15
f 14 15 16
f 16 17 14
f 14 17 18
f 14 18 19
f 19 20 14
f 14 20 21
f 14 21 22
f 23 24 25
f 25 24 26
f 25 26 27
f 27 26 28
f 27 28 29
f 29 28 30
f 29 30 31
f 29 31 32
f 32 31 33
f 32 33 34
f 34 33 35
f 34 35 36
f 36 35 37
f 36 37 38
f 38 37 39
f 38 39 40
f 40 39 41
f 40 41 42
f 42 41 43
f 42 43 44
f 44 43 45
f 44 45 46
f 46 45 47
f 46 47 48
f 48 47 49
f 48 49 50
f 48 50 51
f 51 50 52
f 51 52 53
f 53 52 54
f 53 54 55
f 53 55 56
f 56 55 57
f 56 57 58
f 58 57 59
f 58 59 60
f 60 59 61
f 60 61 62
f 62 61 63
f 62 63 64
f 64 63 65
f 64 65 66
f 66 65 67
f 66 67 68
f 68 67 69
f 68 69 32
f 32 69 29
f 65 70 67
f 67 70 71
f 67 71 69
f 69 71 27
f 69 27 29
f 70 23 71
f 71 23 25
f 71 25 27
f 32 34 68
f 68 34 72
f 68 72 66
f 66 72 64
f 34 36 72
f 72 36 73
f 72 73 64
f 64 73 62
f 36 38 73
f 73 38 74
f 73 74 62
f 62 74 60
f 38 40 74
f 74 40 75
f 74 75 60
f 60 75 58
f 40 42 75
f 75 42 76
f 75 76 58
f 58 76 56
f 42 44 76
f 76 44 77
f 76 77 56
f 56 77 53
f 44 46 77
f 77 46 51
f 77 51 53
f 48 51 46
f 30 78 79
f 79 78 80
f 79 80 81
f 81 80 82
f 81 82 83
f 78 84 80
f 80 84 85
f 80 85 82
f 81 83 86
f 86 83 87
f 86 87 88
f 88 87 89
f 88 89 90
f 90 89 91
f 90 91 92
f 92 91 93
f 92 93 94
f 94 93 95
f 94 95 96
f 96 95 97
f 96 97 98
f 98 97 99
f 98 99 100
f 100 99 101
f 100 101 102
f 99 103 101
f 102 104 100
f 100 104 105
f 100 105 106
f 107 108 106
f 106 108 100
f 100 108 98
f 98 108 109
f 98 109 96
f 96 109 110
f 96 110 94
f 94 110 111
f 94 111 92
f 92 111 112
f 92 112 90
f 90 112 113
f 90 113 88
f 88 113 114
f 88 114 86
f 86 114 115
f 86 115 81
f 81 115 79
f 82 85 116
f 116 117 118
f 116 118 119
f 119 118 120
f 119 120 121
f 121 120 122
f 121 122 123
f 121 123 124
f 124 123 125
f 124 125 126
f 126 125 127
f 126 127 128
f 128 127 129
f 128 129 130
f 130 129 131
f 130 131 132
f 132 131 133
f 132 133 134
f 134 133 135
f 135 133 136
f 135 136 137
f 137 136 138
f 137 138 139
f 139 138 140
f 139 140 141
f 141 140 142
f 142 140 143
f 142 143 144
f 144 143 145
f 144 145 146
f 146 145 147
f 147 145 148
f 147 148 149
f 149 148 150
f 149 150 151
f 151 150 152
f 151 152 153
f 153 152 154
f 153 154 155
f 155 154 129
f 155 129 127
f 134 156 132
f 132 156 157
f 132 157 130
f 130 157 158
f 130 158 128
f 128 158 126
f 156 159 157
f 157 159 160
f 157 160 158
f 158 160 161
f 158 161 126
f 126 161 124
f 159 162 160
f 160 162 163
f 160 163 161
f 161 163 164
f 161 164 124
f 124 164 121
f 162 165 163
f 163 165 166
f 163 166 164
f 164 166 119
f 164 119 121
f 165 167 166
f 166 167 116
f 166 116 119
f 129 154 131
f 131 154 168
f 131 168 133
f 133 168 136
f 154 152 168
f 168 152 169
f 168 169 136
f 136 169 138
f 152 150 169
f 169 150 170
f 169 170 138
f 138 170 140
f 150 148 170
f 170 148 143
f 170 143 140
f 145 143 148
f 171 172 173
f 173 172 174
f 174 172 175
f 174 175 176
f 172 177 175
f 175 177 178
f 178 177 179
f 178 179 180
f 177 181 179
f 180 182 178
f 183 184 185
f 185 184 186
f 185 186 187
f 187 186 188
f 187 188 189
f 189 188 190
f 191 192 193
f 193 192 194
f 193 194 195
f 193 195 196
f 196 195 197
f 196 197 198
f 196 198 199
f 199 198 200
f 199 200 201
f 201 200 202
f 201 202 203
f 204 205 206
f 204 206 207
f 207 206 208
f 207 208 209
f 207 209 210
f 210 209 211
f 210 211 212
f 210 212 213
f 213 212 214
f 213 214 215
f 215 216 213
f 213 216 217
f 213 217 207
f 207 217 204
f 216 218 217
f 217 218 219
f 217 219 204
f 203 220 201
f 221 222 220
f 220 222 223
f 220 223 201
f 201 223 199
f 222 224 223
f 223 224 225
f 223 225 199
f 199 225 196
f 224 191 225
f 225 191 193
f 225 193 196
f 210 213 207
f 226 227 228
f 228 227 229
f 229 227 230
f 229 230 231
f 231 230 232
f 231 232 233
f 234 235 236
f 236 235 237
f 237 235 238
f 237 238 239
f 235 240 238
f 238 240 241
f 241 240 242
f 241 242 243
f 240 244 242
f 243 245 241
f 246 247 248
f 248 247 249
f 249 247 250
f 249 250 251
f 247 252 250
f 250 252 253
f 253 252 254
f 253 254 255
f 256 257 252
f 252 257 254
f 258 259 260
f 260 259 261
f 260 261 262
f 262 261 263
f 262 263 264
f 264 263 265
f 266 267 268
f 268 267 269
f 268 269 270
f 270 269 271
f 270 271 272
f 272 273 270
f 270 273 274
f 270 274 275
f 275 274 276
f 275 276 277
f 277 276 278
f 278 276 279
f 278 279 280
f 281 282 283
f 281 283 284
f 284 283 285
f 285 283 286
f 285 286 287
f 287 286 288
f 288 286 289
f 288 289 290
f 290 289 291
f 291 289 292
f 292 289 293
f 292 293 294
f 294 293 295
f 294 295 296
f 297 298 299
f 297 299 300
f 300 299 274
f 300 274 273
f 277 266 275
f 275 266 268
f 275 268 270
f 298 279 299
f 299 279 276
f 299 276 274
f 282 295 283
f 283 295 293
f 283 293 286
f 286 293 289
f 301 302 303
f 303 302 304
f 304 302 305
f 304 305 306
f 306 305 307
f 306 307 308
f 309 310 311
f 311 310 312
f 312 310 313
f 312 313 314
f 310 315 313
f 313 315 316
f 316 315 317
f 316 317 318
f 319 320 315
f 315 320 317
f 321 322 323
f 323 322 324
f 323 324 325
f 325 324 326
f 325 326 327
f 327 326 328
f 329 330 331
f 331 330 332
f 333 334 335
f 335 334 336
f 336 334 337
f 336 337 338
f 338 337 339
f 338 339 340
f 340 339 341
f 340 341 342
f 342 341 343
f 342 343 344
f 344 343 345
f 344 345 346
f 346 345 347
f 346 347 348
f 349 350 351
f 351 350 352
f 353 354 355
f 355 354 356
f 355 356 357
f 357 356 358
f 357 358 359
f 359 360 357
f 361 362 363
f 363 362 364
f 363 364 365
f 366 367 368
f 366 368 369
f 369 368 370
f 369 370 371
f 371 370 372
f 371 372 373
f 373 372 374
f 373 374 375
f 375 374 376
f 375 376 377
f 377 376 378
f 377 378 379
f 379 378 380
f 379 380 381
f 381 380 382
f 381 382 383
f 383 382 384
f 383 384 385
f 385 384 386
f 385 386 387
f 387 386 388
f 387 388 389
f 389 388 390
f 389 390 391
f 391 390 392
f 391 392 393
f 393 392 394
f 393 394 395
f 395 394 396
f 395 396 397
f 397 396 398
f 397 398 399
f 399 398 400
f 399 400 401
f 401 400 402
f 401 402 403
f 403 402 404
f 403 404 405
f 405 404 406
f 405 406 407
f 407 406 408
f 407 408 409
f 409 408 410
f 409 410 411
f 411 410 412
f 411 412 413
f 413 412 414
f 413 414 415
f 415 414 416
f 415 416 417
f 417 416 418
f 417 418 419
f 419 418 420
f 419 420 421
f 421 420 422
f 421 422 423
f 423 422 424
f 423 424 425
f 425 424 363
f 425 363 426
f 426 363 427
f 426 427 428
f 428 427 429
f 428 429 430
f 430 429 431
f 430 431 432
f 432 431 433
f 432 433 434
f 362 435 364
f 367 436 368
f 436 437 368
f 368 437 370
f 370 437 372
f 372 437 438
f 372 438 374
f 374 438 439
f 374 439 376
f 376 439 440
f 376 440 378
f 378 440 380
f 440 441 380
f 380 441 382
f 382 441 384
f 384 441 442
f 384 442 386
f 386 442 388
f 442 443 388
f 388 443 390
f 443 444 390
f 390 444 392
f 444 445 392
f 392 445 394
f 445 446 394
f 394 446 396
f 446 447 396
f 396 447 448
f 396 448 398
f 398 448 449
f 398 449 400
f 400 449 450
f 400 450 402
f 402 450 451
f 402 451 404
f 404 451 452
f 404 452 406
f 406 452 453
f 406 453 408
f 408 453 454
f 408 454 410
f 410 454 412
f 454 455 412
f 412 455 414
f 414 455 416
f 416 455 456
f 416 456 418
f 418 456 420
f 456 457 420
f 420 457 422
f 457 458 422
f 422 458 424
f 458 361 424
f 424 361 363
f 427 459 429
f 429 459 460
f 429 460 431
f 431 460 461
f 431 461 433
f 459 462 460
f 460 462 463
f 460 463 461
f 432 434 464
f 464 434 465
f 464 465 466
f 466 465 467
f 466 467 468
f 468 467 469
f 468 469 470
f 470 469 471
f 470 471 472
f 472 471 473
f 472 473 474
f 474 473 475
f 474 475 415
f 415 475 413
f 467 476 469
f 469 476 477
f 469 477 471
f 471 477 478
f 471 478 473
f 473 478 479
f 473 479 475
f 475 479 480
f 475 480 413
f 413 480 411
f 476 481 477
f 477 481 482
f 477 482 478
f 478 482 483
f 478 483 479
f 479 483 484
f 479 484 480
f 480 484 485
f 480 485 411
f 411 485 409
f 481 486 482
f 482 486 487
f 482 487 483
f 483 487 488
f 483 488 484
f 484 488 489
f 484 489 485
f 485 489 490
f 485 490 409
f 409 490 407
f 486 491 487
f 487 491 492
f 487 492 488
f 488 492 493
f 488 493 489
f 489 493 494
f 489 494 490
f 490 494 495
f 490 495 407
f 407 495 405
f 491 496 492
f 492 496 497
f 492 497 493
f 493 497 498
f 493 498 494
f 494 498 499
f 494 499 495
f 495 499 500
f 495 500 405
f 405 500 403
f 496 501 497
f 497 501 502
f 497 502 498
f 498 502 503
f 498 503 499
f 499 503 504
f 499 504 500
f 500 504 505
f 500 505 403
f 403 505 401
f 501 506 502
f 502 506 507
f 502 507 503
f 503 507 508
f 503 508 504
f 504 508 509
f 504 509 505
f 505 509 510
f 505 510 401
f 401 510 399
f 507 506 511
f 511 506 512
f 511 512 513
f 513 512 514
f 513 514 515
f 515 514 516
f 515 516 517
f 517 516 518
f 517 518 519
f 519 518 520
f 519 520 521
f 521 520 522
f 521 522 523
f 523 522 524
f 523 524 525
f 525 524 526
f 525 526 527
f 527 526 528
f 527 528 529
f 529 528 530
f 529 530 531
f 531 530 532
f 531 532 383
f 383 532 381
f 524 533 526
f 526 533 534
f 526 534 528
f 528 534 535
f 528 535 530
f 530 535 536
f 530 536 532
f 532 536 537
f 532 537 381
f 381 537 379
f 533 538 534
f 534 538 539
f 534 539 535
f 535 539 540
f 535 540 536
f 536 540 541
f 536 541 537
f 537 541 542
f 537 542 379
f 379 542 377
f 538 543 539
f 539 543 544
f 539 544 540
f 540 544 545
f 540 545 541
f 541 545 546
f 541 546 542
f 542 546 547
f 542 547 377
f 377 547 375
f 543 548 544
f 544 548 549
f 544 549 545
f 545 549 550
f 545 550 546
f 546 550 551
f 546 551 547
f 547 551 552
f 547 552 375
f 375 552 373
f 548 553 549
f 549 553 554
f 549 554 550
f 550 554 555
f 550 555 551
f 551 555 556
f 551 556 552
f 552 556 557
f 552 557 373
f 373 557 371
f 553 558 554
f 554 558 559
f 554 559 555
f 555 559 560
f 555 560 556
f 556 560 561
f 556 561 557
f 557 561 562
f 557 562 371
f 371 562 369
f 558 563 559
f 559 563 564
f 559 564 560
f 560 564 565
f 560 565 561
f 561 565 566
f 561 566 562
f 562 566 567
f 562 567 369
f 369 567 366
f 568 569 570
f 570 569 462
f 570 462 459
f 570 459 571
f 571 459 427
f 571 427 572
f 572 427 573
f 427 363 573
f 573 363 365
f 423 425 574
f 574 425 426
f 574 426 575
f 575 426 428
f 575 428 430
f 421 423 576
f 576 423 574
f 576 574 577
f 577 574 575
f 577 575 578
f 578 575 430
f 578 430 432
f 419 421 579
f 579 421 576
f 579 576 580
f 580 576 577
f 580 577 581
f 581 577 578
f 581 578 464
f 464 578 432
f 474 415 417
f 417 419 582
f 582 419 579
f 582 579 583
f 583 579 580
f 583 580 584
f 584 580 581
f 584 581 466
f 466 581 464
f 397 399 585
f 585 399 510
f 585 510 586
f 586 510 509
f 586 509 587
f 587 509 508
f 587 508 511
f 511 508 507
f 395 397 588
f 588 397 585
f 588 585 589
f 589 585 586
f 589 586 590
f 590 586 587
f 590 587 513
f 513 587 511
f 393 395 591
f 591 395 588
f 591 588 592
f 592 588 589
f 592 589 593
f 593 589 590
f 593 590 515
f 515 590 513
f 391 393 594
f 594 393 591
f 594 591 595
f 595 591 592
f 595 592 596
f 596 592 593
f 596 593 517
f 517 593 515
f 389 391 597
f 597 391 594
f 597 594 598
f 598 594 595
f 598 595 599
f 599 595 596
f 599 596 519
f 519 596 517
f 387 389 600
f 600 389 597
f 600 597 601
f 601 597 598
f 601 598 602
f 602 598 599
f 602 599 521
f 521 599 519
f 531 383 385
f 385 387 603
f 603 387 600
f 603 600 604
f 604 600 601
f 604 601 605
f 605 601 602
f 605 602 523
f 523 602 521
f 583 472 582
f 582 472 474
f 582 474 417
f 472 583 470
f 470 583 584
f 470 584 468
f 468 584 466
f 604 529 603
f 603 529 531
f 603 531 385
f 529 604 527
f 527 604 605
f 527 605 525
f 525 605 523
f 606 607 608
f 608 607 609
f 608 609 610
f 610 609 611
f 610 611 612
f 610 612 613
f 613 612 614
f 613 614 615
f 613 615 616
f 616 615 617
f 616 617 618
f 618 617 619
f 618 619 620
f 620 619 606
f 620 606 608
f 618 620 608
f 616 618 610
f 610 618 608
f 613 616 610
f 621 622 623
f 623 622 624
f 623 624 625
f 625 624 626
f 625 626 627
f 625 627 628
f 628 627 629
f 628 629 630
f 630 631 628
f 628 631 632
f 628 632 625
f 625 632 633
f 625 633 623
f 623 633 621
f 634 635 636
f 636 635 637
f 636 637 638
f 636 638 639
f 639 638 640
f 639 640 641
f 641 640 642
f 641 642 643
f 641 643 644
f 644 643 645
f 644 645 646
f 646 645 647
f 646 647 648
f 648 647 634
f 648 634 636
f 648 636 639
f 646 648 639
f 644 646 641
f 641 646 639
f 649 650 651
f 651 650 652
f 651 652 653
f 653 652 654
f 653 654 655
f 653 655 656
f 656 655 657
f 656 657 658
f 658 659 656
f 656 659 653
f 659 660 653
f 653 660 651
f 660 649 651
f 661 662 663
f 663 662 664
f 663 664 665
f 666 667 662
f 662 667 668
f 662 668 669
f 669 668 670
f 670 668 671
f 671 668 672
f 672 668 673
f 673 668 674
f 673 674 675
f 666 676 667
f 667 677 668
f 668 677 678
f 669 664 662
f 665 679 663
f 680 681 682
f 682 681 683
f 683 681 684
f 685 686 687
f 687 686 688
f 687 688 689
f 689 690 687
f 687 690 691
f 687 691 692
f 692 693 687
f 687 693 694
f 694 693 695
f 694 695 696
f 696 697 694
f 694 697 698
f 694 698 699
f 699 700 694
f 694 700 701
f 702 703 704
f 704 703 705
f 704 705 706
f 706 705 707
f 706 707 708
f 705 709 707
f 707 709 710
f 710 709 711
f 710 711 712
f 712 711 713
f 709 714 711
f 708 715 706
f 706 715 716
f 706 716 717
f 718 719 717
f 717 719 706
f 720 721 706
f 706 721 704
f 722 723 724
f 724 723 725
f 725 723 726
f 725 726 727
f 727 726 728
f 728 726 729
f 729 726 730
f 729 730 731
f 731 730 732
f 731 732 733
f 733 732 734
f 735 736 737
f 737 736 738
f 738 736 739
f 738 739 740
f 740 741 738
f 738 741 742
f 743 744 745
f 745 744 746
f 745 746 747
f 747 746 748
f 747 748 749
f 749 748 750
f 750 748 751
f 751 748 752
f 752 748 753
f 752 753 754
f 743 755 744
f 744 755 756
f 744 756 757
f 757 756 758
f 757 758 759
f 759 758 760
f 759 760 761
f 761 760 762
f 761 762 763
f 763 762 764
f 763 764 765
f 765 764 766
f 765 766 767
f 767 766 768
f 767 768 769
f 769 768 770
f 769 770 771
f 771 770 772
f 771 772 773
f 773 772 774
f 773 774 775
f 775 774 776
f 775 776 777
f 777 776 778
f 777 778 779
f 779 778 780
f 779 780 781
f 781 780 782
f 781 782 783
f 783 782 784
f 783 784 785
f 785 784 786
f 785 786 787
f 787 786 788
f 787 788 789
f 789 788 790
f 789 790 791
f 791 790 792
f 791 792 793
f 793 792 794
f 793 794 795
f 795 794 796
f 795 796 797
f 797 796 798
f 797 798 799
f 799 798 800
f 799 800 801
f 801 800 802
f 801 802 803
f 803 802 804
f 803 804 805
f 805 804 806
f 805 806 807
f 807 806 808
f 807 808 809
f 809 808 810
f 809 810 811
f 811 810 812
f 811 812 813
f 813 812 814
f 813 814 815
f 815 814 816
f 815 816 817
f 817 816 818
f 817 818 819
f 819 818 820
f 819 820 821
f 821 820 822
f 821 822 823
f 823 822 824
f 823 824 825
f 825 824 826
f 825 826 827
f 827 826 828
f 827 828 829
f 829 828 830
f 829 830 831
f 831 830 832
f 831 832 833
f 833 832 834
f 833 834 835
f 835 834 836
f 835 836 837
f 837 836 838
f 837 838 839
f 839 838 840
f 839 840 841
f 841 840 842
f 841 842 843
f 843 842 844
f 843 844 845
f 845 844 846
f 845 846 847
f 847 846 848
f 847 848 849
f 849 848 850
f 849 850 851
f 851 850 852
f 851 852 853
f 853 852 854
f 853 854 855
f 855 854 856
f 855 856 857
f 857 856 858
f 857 858 859
f 859 858 860
f 859 860 861
f 861 860 862
f 861 862 863
f 863 862 864
f 863 864 865
f 865 864 866
f 865 866 867
f 867 866 868
f 867 868 869
f 869 868 870
f 869 870 871
f 871 870 872
f 871 872 873
f 873 872 874
f 874 872 875
f 874 875 876
f 876 875 877
f 876 877 878
f 878 877 879
f 878 879 880
f 880 879 881
f 880 881 882
f 882 881 883
f 882 883 884
f 884 883 885
f 884 885 886
f 886 885 887
f 886 887 888
f 888 887 889
f 888 889 890
f 890 889 891
f 890 891 892
f 892 891 893
f 892 893 894
f 894 893 895
f 894 895 896
f 896 895 897
f 896 897 898
f 898 897 899
f 898 899 900
f 900 899 901
f 900 901 902
f 902 901 903
f 902 903 904
f 904 903 905
f 904 905 906
f 906 905 907
f 906 907 908
f 908 907 909
f 908 909 910
f 910 909 911
f 910 911 912
f 912 911 913
f 912 913 914
f 914 913 915
f 914 915 916
f 916 915 917
f 916 917 918
f 918 917 919
f 918 919 920
f 920 919 921
f 920 921 922
f 922 921 923
f 922 923 924
f 924 923 925
f 924 925 926
f 926 925 927
f 926 927 928
f 928 927 784
f 928 784 782
f 758 929 760
f 760 929 930
f 760 930 762
f 762 930 931
f 762 931 764
f 764 931 932
f 764 932 766
f 766 932 933
f 766 933 768
f 768 933 934
f 768 934 770
f 770 934 935
f 770 935 772
f 772 935 936
f 772 936 774
f 774 936 937
f 774 937 776
f 776 937 938
f 776 938 778
f 778 938 939
f 778 939 780
f 780 939 940
f 780 940 782
f 782 940 928
f 930 929 941
f 941 929 942
f 941 942 943
f 943 942 944
f 943 944 945
f 943 945 946
f 946 945 947
f 946 947 948
f 948 947 949
f 948 949 950
f 950 949 951
f 950 951 952
f 952 951 953
f 952 953 954
f 954 953 955
f 954 955 956
f 956 955 957
f 956 957 958
f 958 957 959
f 958 959 960
f 960 959 961
f 960 961 962
f 962 961 963
f 962 963 964
f 964 963 965
f 964 965 966
f 966 965 967
f 966 967 968
f 968 967 969
f 968 969 970
f 970 969 971
f 970 971 972
f 972 971 973
f 972 973 974
f 974 973 975
f 974 975 918
f 918 975 916
f 951 976 953
f 953 976 977
f 953 977 955
f 955 977 978
f 955 978 957
f 957 978 979
f 957 979 959
f 959 979 980
f 959 980 961
f 961 980 981
f 961 981 963
f 963 981 982
f 963 982 965
f 965 982 983
f 965 983 967
f 967 983 984
f 967 984 969
f 969 984 985
f 969 985 971
f 971 985 986
f 971 986 973
f 973 986 987
f 973 987 975
f 975 987 988
f 975 988 916
f 916 988 914
f 976 989 977
f 977 989 990
f 977 990 978
f 978 990 991
f 978 991 979
f 979 991 992
f 979 992 980
f 980 992 993
f 980 993 981
f 981 993 994
f 981 994 982
f 982 994 995
f 982 995 983
f 983 995 996
f 983 996 984
f 984 996 997
f 984 997 985
f 985 997 998
f 985 998 986
f 986 998 999
f 986 999 987
f 987 999 1000
f 987 1000 988
f 988 1000 1001
f 988 1001 914
f 914 1001 912
f 1002 1003 989
f 989 1003 1004
f 989 1004 990
f 990 1004 991
f 1005 1006 1002
f 1002 1006 1007
f 1002 1007 1008
f 1008 1007 1009
f 1008 1009 1010
f 1010 1009 1011
f 1010 1011 1012
f 1012 1011 1013
f 1012 1013 1014
f 1014 1013 1015
f 1014 1015 994
f 994 1015 995
f 1006 1005 1016
f 1016 1005 1017
f 1016 1017 1018
f 1018 1017 1019
f 1018 1019 1020
f 1020 1019 1021
f 1020 1021 1022
f 1022 1021 1023
f 1022 1023 1024
f 1024 1023 1025
f 1024 1025 1026
f 1026 1025 1027
f 1026 1027 1028
f 1028 1027 1029
f 1028 1029 1030
f 1030 1029 1031
f 1030 1031 1032
f 1032 1031 1033
f 1032 1033 1034
f 1034 1033 1035
f 1034 1035 1036
f 1036 1035 1037
f 1036 1037 1038
f 1038 1037 1039
f 1038 1039 1040
f 1040 1039 1041
f 1040 1041 896
f 896 1041 894
f 1017 1042 1019
f 1019 1042 1043
f 1019 1043 1021
f 1021 1043 1044
f 1021 1044 1023
f 1023 1044 1045
f 1023 1045 1025
f 1025 1045 1046
f 1025 1046 1027
f 1027 1046 1047
f 1027 1047 1029
f 1029 1047 1048
f 1029 1048 1031
f 1031 1048 1049
f 1031 1049 1033
f 1033 1049 1050
f 1033 1050 1035
f 1035 1050 1051
f 1035 1051 1037
f 1037 1051 1052
f 1037 1052 1039
f 1039 1052 1053
f 1039 1053 1041
f 1041 1053 1054
f 1041 1054 894
f 894 1054 892
f 1042 1055 1043
f 1043 1055 1056
f 1043 1056 1044
f 1044 1056 1057
f 1044 1057 1045
f 1045 1057 1058
f 1045 1058 1046
f 1046 1058 1059
f 1046 1059 1047
f 1047 1059 1060
f 1047 1060 1048
f 1048 1060 1061
f 1048 1061 1049
f 1049 1061 1062
f 1049 1062 1050
f 1050 1062 1063
f 1050 1063 1051
f 1051 1063 1064
f 1051 1064 1052
f 1052 1064 1065
f 1052 1065 1053
f 1053 1065 1066
f 1053 1066 1054
f 1054 1066 1067
f 1054 1067 892
f 892 1067 890
f 1056 1055 1068
f 1068 1055 1069
f 1068 1069 1070
f 1070 1069 1071
f 1070 1071 1072
f 1072 1071 1073
f 1072 1073 1074
f 1074 1073 1075
f 1074 1075 1076
f 1076 1075 1077
f 1076 1077 1078
f 1078 1077 1079
f 1078 1079 1080
f 1080 1079 1081
f 1080 1081 1082
f 1082 1081 1083
f 1082 1083 1084
f 1084 1083 1085
f 1084 1085 1086
f 1086 1085 1087
f 1086 1087 1088
f 1088 1087 1089
f 1088 1089 1090
f 1090 1089 1091
f 1090 1091 888
f 888 1091 886
f 1071 1069 1092
f 1092 1069 1093
f 1092 1093 1094
f 1094 1093 1095
f 1094 1095 1096
f 1096 1095 1097
f 1096 1097 1098
f 1098 1097 1099
f 1098 1099 1100
f 1100 1101 1098
f 1098 1101 1102
f 1098 1102 1103
f 1103 1102 1104
f 1103 1104 1105
f 1105 1104 1106
f 1105 1106 1107
f 1107 1106 1108
f 1107 1108 1109
f 1109 1108 1110
f 1109 1110 1111
f 1111 1110 1112
f 1111 1112 1113
f 1113 1112 1114
f 1113 1114 1115
f 1115 1114 1116
f 1115 1116 1117
f 1117 1116 1118
f 1117 1118 1119
f 1119 1118 1120
f 1119 1120 1121
f 1121 1120 1122
f 1121 1122 878
f 878 1122 876
f 1101 1123 1102
f 1102 1123 1124
f 1102 1124 1125
f 1125 1124 1126
f 1126 1124 1127
f 1127 1124 1128
f 1127 1128 1129
f 1129 1128 1130
f 1129 1130 1131
f 1131 1130 1132
f 1131 1132 1133
f 1133 1132 1134
f 1133 1134 1135
f 1135 1134 1136
f 1136 1134 1137
f 1123 1138 1124
f 1124 1138 1139
f 1124 1139 1140
f 1140 1128 1124
f 1125 1141 1102
f 1102 1141 1142
f 1102 1142 1104
f 1104 1142 1143
f 1104 1143 1106
f 1106 1143 1144
f 1106 1144 1108
f 1108 1144 1145
f 1108 1145 1110
f 1110 1145 1146
f 1110 1146 1112
f 1112 1146 1147
f 1112 1147 1114
f 1114 1147 1116
f 1147 1148 1116
f 1116 1148 1118
f 1148 1149 1118
f 1118 1149 1120
f 1149 1150 1120
f 1120 1150 1151
f 1120 1151 1122
f 1122 1151 1152
f 1122 1152 876
f 876 1152 874
f 1153 1154 873
f 873 1154 1155
f 873 1155 871
f 871 1155 869
f 1156 1157 1153
f 1153 1157 1158
f 1153 1158 1154
f 1154 1158 1159
f 1154 1159 1160
f 1160 1159 1161
f 1160 1161 867
f 867 1161 865
f 1157 1156 1162
f 1162 1156 1163
f 1162 1163 1164
f 1164 1163 1165
f 1164 1165 1166
f 1166 1165 1167
f 1166 1167 1168
f 1168 1167 1169
f 1168 1169 1170
f 1170 1169 1171
f 1170 1171 1172
f 1172 1171 1173
f 1172 1173 1174
f 1174 1173 1175
f 1174 1175 1176
f 1176 1175 1177
f 1176 1177 1178
f 1178 1177 1179
f 1178 1179 1180
f 1180 1179 1181
f 1180 1181 1182
f 1182 1181 1183
f 1182 1183 1184
f 1163 1185 1165
f 1165 1185 1186
f 1165 1186 1187
f 1187 1186 1188
f 1187 1188 1189
f 1189 1188 1190
f 1189 1190 1191
f 1191 1190 1192
f 1191 1192 1193
f 1193 1192 1194
f 1193 1194 1195
f 1195 1194 1196
f 1195 1196 1197
f 1197 1196 1198
f 1197 1198 1199
f 1199 1198 1200
f 1199 1200 1201
f 1201 1200 1202
f 1201 1202 1203
f 1190 1188 1204
f 1204 1188 1205
f 1204 1205 1206
f 1206 1205 1207
f 1206 1207 1208
f 1208 1207 1209
f 1208 1209 1210
f 1210 1209 1211
f 1210 1211 1212
f 1212 1211 1213
f 1212 1213 1214
f 1214 1213 1215
f 1214 1215 1216
f 1216 1215 1217
f 1216 1217 1218
f 1218 1217 1219
f 1218 1219 1220
f 1220 1219 1221
f 1220 1221 1200
f 1200 1221 1202
f 1211 568 1213
f 1201 1203 1222
f 1222 1203 1223
f 1222 1223 1181
f 1181 1223 1183
f 1182 1184 1224
f 1224 1184 1225
f 1224 1225 1226
f 1226 1225 1227
f 1226 1227 1228
f 1228 1227 1229
f 1228 1229 1230
f 1230 1229 839
f 1230 839 1231
f 1231 839 841
f 1231 841 843
f 819 1232 817
f 817 1232 1233
f 817 1233 815
f 815 1233 1234
f 815 1234 813
f 813 1234 1235
f 813 1235 811
f 811 1235 1236
f 811 1236 809
f 809 1236 1237
f 809 1237 807
f 807 1237 1238
f 807 1238 805
f 805 1238 1239
f 805 1239 803
f 803 1239 1240
f 803 1240 801
f 801 1240 1241
f 801 1241 799
f 799 1241 1242
f 799 1242 797
f 797 1242 1243
f 797 1243 795
f 795 1243 1244
f 795 1244 793
f 793 1244 1245
f 793 1245 791
f 791 1245 1246
f 791 1246 789
f 789 1246 1247
f 789 1247 787
f 787 1247 1248
f 787 1248 785
f 785 1248 1249
f 785 1249 783
f 783 1249 1250
f 783 1250 781
f 781 1250 1251
f 781 1251 779
f 779 1251 1252
f 779 1252 777
f 777 1252 1253
f 777 1253 775
f 775 1253 1254
f 775 1254 773
f 773 1254 1255
f 773 1255 771
f 771 1255 1256
f 771 1256 769
f 769 1256 1257
f 769 1257 767
f 767 1257 1258
f 767 1258 765
f 765 1258 1259
f 765 1259 763
f 763 1259 1260
f 763 1260 761
f 761 1260 1261
f 761 1261 759
f 759 1261 757
f 1232 1262 1233
f 1233 1262 1263
f 1233 1263 1234
f 1234 1263 1264
f 1234 1264 1235
f 1235 1264 1265
f 1235 1265 1236
f 1236 1265 1266
f 1236 1266 1237
f 1237 1266 1267
f 1237 1267 1238
f 1238 1267 1268
f 1238 1268 1239
f 1239 1268 1269
f 1239 1269 1240
f 1240 1269 1270
f 1240 1270 1241
f 1241 1270 1271
f 1241 1271 1242
f 1242 1271 1272
f 1242 1272 1243
f 1243 1272 1273
f 1243 1273 1244
f 1244 1273 1274
f 1244 1274 1245
f 1245 1274 1275
f 1245 1275 1246
f 1246 1275 1276
f 1246 1276 1247
f 1247 1276 1277
f 1247 1277 1248
f 1248 1277 1278
f 1248 1278 1249
f 1249 1278 1279
f 1249 1279 1250
f 1250 1279 1280
f 1250 1280 1251
f 1251 1280 1281
f 1251 1281 1252
f 1252 1281 1282
f 1252 1282 1253
f 1253 1282 1283
f 1253 1283 1254
f 1254 1283 1284
f 1254 1284 1255
f 1255 1284 1285
f 1255 1285 1256
f 1256 1285 1286
f 1256 1286 1257
f 1257 1286 1287
f 1257 1287 1258
f 1258 1287 1288
f 1258 1288 1259
f 1259 1288 1289
f 1259 1289 1260
f 1260 1289 1290
f 1260 1290 1261
f 1261 1290 1291
f 1261 1291 757
f 757 1291 744
f 1262 1292 1263
f 1263 1292 1293
f 1263 1293 1294
f 1294 1293 1295
f 1294 1295 1296
f 1293 1297 1295
f 1298 1299 1296
f 1296 1299 1300
f 1296 1300 1294
f 1294 1300 1264
f 1294 1264 1263
f 1299 1298 1301
f 1301 1298 1302
f 1301 1302 1303
f 1303 1302 1304
f 1303 1304 1305
f 1305 1304 1306
f 1305 1306 1269
f 1269 1306 1270
f 1306 1304 1307
f 1307 1304 1308
f 1307 1308 1309
f 1309 1308 1310
f 1309 1310 1311
f 1312 1313 1311
f 1311 1313 1314
f 1311 1314 1309
f 1309 1314 1272
f 1309 1272 1271
f 1313 1312 1315
f 1315 1312 1316
f 1315 1316 1317
f 1317 1316 1318
f 1317 1318 1276
f 1276 1318 1277
f 1316 1319 1318
f 1318 1319 1320
f 1318 1320 1277
f 1277 1320 1278
f 1321 1322 1319
f 1319 1322 1323
f 1319 1323 1320
f 1320 1323 1278
f 1324 1325 1321
f 1321 1325 1326
f 1321 1326 1322
f 1322 1326 1280
f 1322 1280 1279
f 1325 1324 1327
f 1327 1324 1328
f 1327 1328 1329
f 1329 1328 1330
f 1329 1330 1331
f 1331 1330 1332
f 1331 1332 1333
f 1333 1332 1334
f 1333 1334 1335
f 1336 1337 1335
f 1335 1337 1338
f 1335 1338 1333
f 1333 1338 1286
f 1333 1286 1285
f 1337 1336 1339
f 1339 1336 1340
f 1339 1340 1341
f 1341 1340 1342
f 1341 1342 1343
f 1343 1342 1344
f 1343 1344 1345
f 1345 1344 1346
f 1345 1346 746
f 746 1346 1347
f 746 1347 1348
f 746 1348 748
f 748 1348 1349
f 748 1349 753
f 754 1350 752
f 752 1350 1351
f 1351 1350 1352
f 1351 1352 1353
f 1353 1352 1354
f 1353 1354 1355
f 1355 1354 1356
f 1096 1098 1357
f 1357 1098 1103
f 1357 1103 1358
f 1358 1103 1105
f 1358 1105 1359
f 1359 1105 1107
f 1359 1107 1360
f 1360 1107 1109
f 1360 1109 1361
f 1361 1109 1111
f 1361 1111 1362
f 1362 1111 1113
f 1362 1113 1363
f 1363 1113 1115
f 1363 1115 1364
f 1364 1115 1117
f 1364 1117 1365
f 1365 1117 1119
f 1365 1119 1366
f 1366 1119 1121
f 1366 1121 880
f 880 1121 878
f 1094 1096 1367
f 1367 1096 1357
f 1367 1357 1368
f 1368 1357 1358
f 1368 1358 1369
f 1369 1358 1359
f 1369 1359 1370
f 1370 1359 1360
f 1370 1360 1371
f 1371 1360 1361
f 1371 1361 1372
f 1372 1361 1362
f 1372 1362 1373
f 1373 1362 1363
f 1373 1363 1374
f 1374 1363 1364
f 1374 1364 1375
f 1375 1364 1365
f 1375 1365 1376
f 1376 1365 1366
f 1376 1366 882
f 882 1366 880
f 1073 1071 1092
f 1092 1094 1377
f 1377 1094 1367
f 1377 1367 1378
f 1378 1367 1368
f 1378 1368 1379
f 1379 1368 1369
f 1379 1369 1380
f 1380 1369 1370
f 1380 1370 1381
f 1381 1370 1371
f 1381 1371 1382
f 1382 1371 1372
f 1382 1372 1383
f 1383 1372 1373
f 1383 1373 1384
f 1384 1373 1374
f 1384 1374 1385
f 1385 1374 1375
f 1385 1375 1386
f 1386 1375 1376
f 1386 1376 884
f 884 1376 882
f 1056 1068 1057
f 1057 1068 1070
f 1057 1070 1058
f 1058 1070 1072
f 1058 1072 1059
f 1059 1072 1074
f 1059 1074 1060
f 1060 1074 1076
f 1060 1076 1061
f 1061 1076 1078
f 1061 1078 1062
f 1062 1078 1080
f 1062 1080 1063
f 1063 1080 1082
f 1063 1082 1064
f 1064 1082 1084
f 1064 1084 1065
f 1065 1084 1086
f 1065 1086 1066
f 1066 1086 1088
f 1066 1088 1067
f 1067 1088 1090
f 1067 1090 890
f 890 1090 888
f 1016 1018 1387
f 1387 1018 1020
f 1387 1020 1388
f 1388 1020 1022
f 1388 1022 1389
f 1389 1022 1024
f 1389 1024 1390
f 1390 1024 1026
f 1390 1026 1391
f 1391 1026 1028
f 1391 1028 1392
f 1392 1028 1030
f 1392 1030 1393
f 1393 1030 1032
f 1393 1032 1394
f 1394 1032 1034
f 1394 1034 1395
f 1395 1034 1036
f 1395 1036 1396
f 1396 1036 1038
f 1396 1038 1397
f 1397 1038 1040
f 1397 1040 898
f 898 1040 896
f 1006 1016 1398
f 1398 1016 1387
f 1398 1387 1399
f 1399 1387 1388
f 1399 1388 1400
f 1400 1388 1389
f 1400 1389 1401
f 1401 1389 1390
f 1401 1390 1402
f 1402 1390 1391
f 1402 1391 1403
f 1403 1391 1392
f 1403 1392 1404
f 1404 1392 1393
f 1404 1393 1405
f 1405 1393 1394
f 1405 1394 1406
f 1406 1394 1395
f 1406 1395 1407
f 1407 1395 1396
f 1407 1396 1408
f 1408 1396 1397
f 1408 1397 900
f 900 1397 898
f 1007 1006 1409
f 1409 1006 1398
f 1409 1398 1410
f 1410 1398 1399
f 1410 1399 1411
f 1411 1399 1400
f 1411 1400 1412
f 1412 1400 1401
f 1412 1401 1413
f 1413 1401 1402
f 1413 1402 1414
f 1414 1402 1403
f 1414 1403 1415
f 1415 1403 1404
f 1415 1404 1416
f 1416 1404 1405
f 1416 1405 1417
f 1417 1405 1406
f 1417 1406 1418
f 1418 1406 1407
f 1418 1407 1419
f 1419 1407 1408
f 1419 1408 902
f 902 1408 900
f 1007 1409 1009
f 1009 1409 1420
f 1009 1420 1011
f 1011 1420 1421
f 1011 1421 1013
f 1013 1421 1422
f 1013 1422 1015
f 1015 1422 1423
f 1015 1423 995
f 995 1423 996
f 1420 1409 1410
f 1010 1424 1425
f 1425 1424 1003
f 1425 1003 1002
f 1004 1003 1426
f 1426 1003 1424
f 1426 1424 1427
f 1427 1424 1012
f 1427 1012 1014
f 1424 1010 1012
f 992 991 1426
f 1426 991 1004
f 992 1426 1427
f 950 952 1428
f 1428 952 954
f 1428 954 1429
f 1429 954 956
f 1429 956 1430
f 1430 956 958
f 1430 958 1431
f 1431 958 960
f 1431 960 1432
f 1432 960 962
f 1432 962 1433
f 1433 962 964
f 1433 964 1434
f 1434 964 966
f 1434 966 1435
f 1435 966 968
f 1435 968 1436
f 1436 968 970
f 1436 970 1437
f 1437 970 972
f 1437 972 1438
f 1438 972 974
f 1438 974 920
f 920 974 918
f 948 950 1439
f 1439 950 1428
f 1439 1428 1440
f 1440 1428 1429
f 1440 1429 1441
f 1441 1429 1430
f 1441 1430 1442
f 1442 1430 1431
f 1442 1431 1443
f 1443 1431 1432
f 1443 1432 1444
f 1444 1432 1433
f 1444 1433 1445
f 1445 1433 1434
f 1445 1434 1446
f 1446 1434 1435
f 1446 1435 1447
f 1447 1435 1436
f 1447 1436 1448
f 1448 1436 1437
f 1448 1437 1449
f 1449 1437 1438
f 1449 1438 922
f 922 1438 920
f 946 948 1450
f 1450 948 1439
f 1450 1439 1451
f 1451 1439 1440
f 1451 1440 1452
f 1452 1440 1441
f 1452 1441 1453
f 1453 1441 1442
f 1453 1442 1454
f 1454 1442 1443
f 1454 1443 1455
f 1455 1443 1444
f 1455 1444 1456
f 1456 1444 1445
f 1456 1445 1457
f 1457 1445 1446
f 1457 1446 1458
f 1458 1446 1447
f 1458 1447 1459
f 1459 1447 1448
f 1459 1448 1460
f 1460 1448 1449
f 1460 1449 924
f 924 1449 922
f 943 946 941
f 941 946 1450
f 941 1450 1461
f 1461 1450 1451
f 1461 1451 1462
f 1462 1451 1452
f 1462 1452 1463
f 1463 1452 1453
f 1463 1453 1464
f 1464 1453 1454
f 1464 1454 1465
f 1465 1454 1455
f 1465 1455 1466
f 1466 1455 1456
f 1466 1456 1467
f 1467 1456 1457
f 1467 1457 1468
f 1468 1457 1458
f 1468 1458 1469
f 1469 1458 1459
f 1469 1459 1470
f 1470 1459 1460
f 1470 1460 926
f 926 1460 924
f 931 930 941
f 931 941 1461
f 1345 746 744
f 1345 744 1291
f 1002 1008 1425
f 1425 1008 1010
f 1075 1073 1377
f 1377 1073 1092
f 1075 1377 1378
f 1420 1410 1471
f 1471 1410 1411
f 1471 1411 1472
f 1472 1411 1412
f 1472 1412 1473
f 1473 1412 1413
f 1473 1413 1474
f 1474 1413 1414
f 1474 1414 1475
f 1475 1414 1415
f 1475 1415 1476
f 1476 1415 1416
f 1476 1416 1477
f 1477 1416 1417
f 1477 1417 1478
f 1478 1417 1418
f 1478 1418 1479
f 1479 1418 1419
f 1479 1419 904
f 904 1419 902
f 993 992 1427
f 993 1427 1014
f 932 931 1461
f 932 1461 1462
f 1343 1345 1291
f 1343 1291 1290
f 1077 1075 1378
f 1077 1378 1379
f 1420 1471 1421
f 1421 1471 1480
f 1421 1480 1422
f 1422 1480 1481
f 1422 1481 1423
f 1423 1481 1482
f 1423 1482 996
f 996 1482 997
f 1480 1471 1472
f 994 993 1014
f 933 932 1462
f 933 1462 1463
f 1341 1343 1290
f 1341 1290 1289
f 1079 1077 1379
f 1079 1379 1380
f 1480 1472 1483
f 1483 1472 1473
f 1483 1473 1484
f 1484 1473 1474
f 1484 1474 1485
f 1485 1474 1475
f 1485 1475 1486
f 1486 1475 1476
f 1486 1476 1487
f 1487 1476 1477
f 1487 1477 1488
f 1488 1477 1478
f 1488 1478 1489
f 1489 1478 1479
f 1489 1479 906
f 906 1479 904
f 934 933 1463
f 934 1463 1464
f 1339 1341 1289
f 1339 1289 1288
f 1081 1079 1380
f 1081 1380 1381
f 1480 1483 1481
f 1481 1483 1490
f 1481 1490 1482
f 1482 1490 1491
f 1482 1491 997
f 997 1491 998
f 1490 1483 1484
f 935 934 1464
f 935 1464 1465
f 1337 1339 1288
f 1337 1288 1287
f 1083 1081 1381
f 1083 1381 1382
f 1490 1484 1492
f 1492 1484 1485
f 1492 1485 1493
f 1493 1485 1486
f 1493 1486 1494
f 1494 1486 1487
f 1494 1487 1495
f 1495 1487 1488
f 1495 1488 1496
f 1496 1488 1489
f 1496 1489 908
f 908 1489 906
f 936 935 1465
f 936 1465 1466
f 1338 1337 1287
f 1338 1287 1286
f 1083 1382 1085
f 1085 1382 1383
f 1085 1383 1087
f 1087 1383 1384
f 1087 1384 1089
f 1089 1384 1385
f 1089 1385 1091
f 1091 1385 1386
f 1091 1386 886
f 886 1386 884
f 1493 1497 1492
f 1492 1497 1491
f 1492 1491 1490
f 999 998 1497
f 1497 998 1491
f 1497 1493 1498
f 1498 1493 1494
f 1498 1494 1499
f 1499 1494 1495
f 1499 1495 1500
f 1500 1495 1496
f 1500 1496 910
f 910 1496 908
f 936 1466 937
f 937 1466 1467
f 937 1467 938
f 938 1467 1468
f 938 1468 939
f 939 1468 1469
f 939 1469 940
f 940 1469 1470
f 940 1470 928
f 928 1470 926
f 1331 1333 1285
f 1331 1285 1284
f 1000 999 1498
f 1498 999 1497
f 1000 1498 1499
f 1329 1331 1284
f 1329 1284 1283
f 1001 1000 1499
f 1001 1499 1500
f 1327 1329 1283
f 1327 1283 1282
f 912 1001 1500
f 912 1500 910
f 1325 1327 1282
f 1325 1282 1281
f 1326 1325 1281
f 1326 1281 1280
f 877 875 1501
f 1501 875 872
f 1501 872 870
f 879 877 1502
f 1502 877 1501
f 1502 1501 1503
f 1503 1501 870
f 1503 870 868
f 881 879 1504
f 1504 879 1502
f 1504 1502 1505
f 1505 1502 1503
f 1505 1503 1506
f 1506 1503 868
f 1506 868 866
f 883 881 1507
f 1507 881 1504
f 1507 1504 1508
f 1508 1504 1505
f 1508 1505 1509
f 1509 1505 1506
f 1509 1506 1510
f 1510 1506 866
f 1510 866 864
f 885 883 1511
f 1511 883 1507
f 1511 1507 1512
f 1512 1507 1508
f 1512 1508 1513
f 1513 1508 1509
f 1513 1509 1514
f 1514 1509 1510
f 1514 1510 1515
f 1515 1510 864
f 1515 864 862
f 887 885 1516
f 1516 885 1511
f 1516 1511 1517
f 1517 1511 1512
f 1517 1512 1518
f 1518 1512 1513
f 1518 1513 1519
f 1519 1513 1514
f 1519 1514 1520
f 1520 1514 1515
f 1520 1515 1521
f 1521 1515 862
f 1521 862 860
f 889 887 1522
f 1522 887 1516
f 1522 1516 1523
f 1523 1516 1517
f 1523 1517 1524
f 1524 1517 1518
f 1524 1518 1525
f 1525 1518 1519
f 1525 1519 1526
f 1526 1519 1520
f 1526 1520 1527
f 1527 1520 1521
f 1527 1521 1528
f 1528 1521 860
f 1528 860 858
f 891 889 1529
f 1529 889 1522
f 1529 1522 1530
f 1530 1522 1523
f 1530 1523 1531
f 1531 1523 1524
f 1531 1524 1532
f 1532 1524 1525
f 1532 1525 1533
f 1533 1525 1526
f 1533 1526 1534
f 1534 1526 1527
f 1534 1527 1535
f 1535 1527 1528
f 1535 1528 1536
f 1536 1528 858
f 1536 858 856
f 893 891 1537
f 1537 891 1529
f 1537 1529 1538
f 1538 1529 1530
f 1538 1530 1539
f 1539 1530 1531
f 1539 1531 1540
f 1540 1531 1532
f 1540 1532 1541
f 1541 1532 1533
f 1541 1533 1542
f 1542 1533 1534
f 1542 1534 1543
f 1543 1534 1535
f 1543 1535 1544
f 1544 1535 1536
f 1544 1536 1545
f 1545 1536 856
f 1545 856 854
f 895 893 1546
f 1546 893 1537
f 1546 1537 1547
f 1547 1537 1538
f 1547 1538 1548
f 1548 1538 1539
f 1548 1539 1549
f 1549 1539 1540
f 1549 1540 1550
f 1550 1540 1541
f 1550 1541 1551
f 1551 1541 1542
f 1551 1542 1552
f 1552 1542 1543
f 1552 1543 1553
f 1553 1543 1544
f 1553 1544 1554
f 1554 1544 1545
f 1554 1545 1555
f 1555 1545 854
f 1555 854 852
f 897 895 1556
f 1556 895 1546
f 1556 1546 1557
f 1557 1546 1547
f 1557 1547 1558
f 1558 1547 1548
f 1558 1548 1559
f 1559 1548 1549
f 1559 1549 1560
f 1560 1549 1550
f 1560 1550 1561
f 1561 1550 1551
f 1561 1551 1562
f 1562 1551 1552
f 1562 1552 1563
f 1563 1552 1553
f 1563 1553 1564
f 1564 1553 1554
f 1564 1554 1565
f 1565 1554 1555
f 1565 1555 1566
f 1566 1555 852
f 1566 852 850
f 899 897 1567
f 1567 897 1556
f 1567 1556 1568
f 1568 1556 1557
f 1568 1557 1569
f 1569 1557 1558
f 1569 1558 1570
f 1570 1558 1559
f 1570 1559 1571
f 1571 1559 1560
f 1571 1560 1572
f 1572 1560 1561
f 1572 1561 1573
f 1573 1561 1562
f 1573 1562 1574
f 1574 1562 1563
f 1574 1563 1575
f 1575 1563 1564
f 1575 1564 1576
f 1576 1564 1565
f 1576 1565 1577
f 1577 1565 1566
f 1577 1566 1578
f 1578 1566 850
f 1578 850 848
f 901 899 1579
f 1579 899 1567
f 1579 1567 1580
f 1580 1567 1568
f 1580 1568 1581
f 1581 1568 1569
f 1581 1569 1582
f 1582 1569 1570
f 1582 1570 1583
f 1583 1570 1571
f 1583 1571 1584
f 1584 1571 1572
f 1584 1572 1585
f 1585 1572 1573
f 1585 1573 1586
f 1586 1573 1574
f 1586 1574 1587
f 1587 1574 1575
f 1587 1575 1588
f 1588 1575 1576
f 1588 1576 1589
f 1589 1576 1577
f 1589 1577 1590
f 1590 1577 1578
f 1590 1578 1591
f 1591 1578 848
f 1591 848 846
f 903 901 1592
f 1592 901 1579
f 1592 1579 1593
f 1593 1579 1580
f 1593 1580 1594
f 1594 1580 1581
f 1594 1581 1595
f 1595 1581 1582
f 1595 1582 1596
f 1596 1582 1583
f 1596 1583 1597
f 1597 1583 1584
f 1597 1584 1598
f 1598 1584 1585
f 1598 1585 1599
f 1599 1585 1586
f 1599 1586 1600
f 1600 1586 1587
f 1600 1587 1601
f 1601 1587 1588
f 1601 1588 1602
f 1602 1588 1589
f 1602 1589 1603
f 1603 1589 1590
f 1603 1590 1604
f 1604 1590 1591
f 1604 1591 1605
f 1605 1591 846
f 1605 846 844
f 905 903 1606
f 1606 903 1592
f 1606 1592 1607
f 1607 1592 1593
f 1607 1593 1608
f 1608 1593 1594
f 1608 1594 1609
f 1609 1594 1595
f 1609 1595 1610
f 1610 1595 1596
f 1610 1596 1611
f 1611 1596 1597
f 1611 1597 1612
f 1612 1597 1598
f 1612 1598 1613
f 1613 1598 1599
f 1613 1599 1614
f 1614 1599 1600
f 1614 1600 1615
f 1615 1600 1601
f 1615 1601 1616
f 1616 1601 1602
f 1616 1602 1617
f 1617 1602 1603
f 1617 1603 1618
f 1618 1603 1604
f 1618 1604 1619
f 1619 1604 1605
f 1619 1605 1620
f 1620 1605 844
f 1620 844 842
f 907 905 1621
f 1621 905 1606
f 1621 1606 1622
f 1622 1606 1607
f 1622 1607 1623
f 1623 1607 1608
f 1623 1608 1624
f 1624 1608 1609
f 1624 1609 1625
f 1625 1609 1610
f 1625 1610 1626
f 1626 1610 1611
f 1626 1611 1627
f 1627 1611 1612
f 1627 1612 1628
f 1628 1612 1613
f 1628 1613 1629
f 1629 1613 1614
f 1629 1614 1630
f 1630 1614 1615
f 1630 1615 1631
f 1631 1615 1616
f 1631 1616 1632
f 1632 1616 1617
f 1632 1617 1633
f 1633 1617 1618
f 1633 1618 1634
f 1634 1618 1619
f 1634 1619 1635
f 1635 1619 1620
f 1635 1620 1636
f 1636 1620 842
f 1636 842 840
f 909 907 1637
f 1637 907 1621
f 1637 1621 1638
f 1638 1621 1622
f 1638 1622 1639
f 1639 1622 1623
f 1639 1623 1640
f 1640 1623 1624
f 1640 1624 1641
f 1641 1624 1625
f 1641 1625 1642
f 1642 1625 1626
f 1642 1626 1643
f 1643 1626 1627
f 1643 1627 1644
f 1644 1627 1628
f 1644 1628 1645
f 1645 1628 1629
f 1645 1629 1646
f 1646 1629 1630
f 1646 1630 1647
f 1647 1630 1631
f 1647 1631 1648
f 1648 1631 1632
f 1648 1632 1649
f 1649 1632 1633
f 1649 1633 1650
f 1650 1633 1634
f 1650 1634 1651
f 1651 1634 1635
f 1651 1635 1652
f 1652 1635 1636
f 1652 1636 838
f 838 1636 840
f 911 909 1653
f 1653 909 1637
f 1653 1637 1654
f 1654 1637 1638
f 1654 1638 1655
f 1655 1638 1639
f 1655 1639 1656
f 1656 1639 1640
f 1656 1640 1657
f 1657 1640 1641
f 1657 1641 1658
f 1658 1641 1642
f 1658 1642 1659
f 1659 1642 1643
f 1659 1643 1660
f 1660 1643 1644
f 1660 1644 1661
f 1661 1644 1645
f 1661 1645 1662
f 1662 1645 1646
f 1662 1646 1663
f 1663 1646 1647
f 1663 1647 1664
f 1664 1647 1648
f 1664 1648 1665
f 1665 1648 1649
f 1665 1649 1666
f 1666 1649 1650
f 1666 1650 1667
f 1667 1650 1651
f 1667 1651 1668
f 1668 1651 1652
f 1668 1652 836
f 836 1652 838
f 913 911 1669
f 1669 911 1653
f 1669 1653 1670
f 1670 1653 1654
f 1670 1654 1671
f 1671 1654 1655
f 1671 1655 1672
f 1672 1655 1656
f 1672 1656 1673
f 1673 1656 1657
f 1673 1657 1674
f 1674 1657 1658
f 1674 1658 1675
f 1675 1658 1659
f 1675 1659 1676
f 1676 1659 1660
f 1676 1660 1677
f 1677 1660 1661
f 1677 1661 1678
f 1678 1661 1662
f 1678 1662 1679
f 1679 1662 1663
f 1679 1663 1680
f 1680 1663 1664
f 1680 1664 1681
f 1681 1664 1665
f 1681 1665 1682
f 1682 1665 1666
f 1682 1666 1683
f 1683 1666 1667
f 1683 1667 1684
f 1684 1667 1668
f 1684 1668 834
f 834 1668 836
f 915 913 1685
f 1685 913 1669
f 1685 1669 1686
f 1686 1669 1670
f 1686 1670 1687
f 1687 1670 1671
f 1687 1671 1688
f 1688 1671 1672
f 1688 1672 1689
f 1689 1672 1673
f 1689 1673 1690
f 1690 1673 1674
f 1690 1674 1691
f 1691 1674 1675
f 1691 1675 1692
f 1692 1675 1676
f 1692 1676 1693
f 1693 1676 1677
f 1693 1677 1694
f 1694 1677 1678
f 1694 1678 1695
f 1695 1678 1679
f 1695 1679 1696
f 1696 1679 1680
f 1696 1680 1697
f 1697 1680 1681
f 1697 1681 1698
f 1698 1681 1682
f 1698 1682 1699
f 1699 1682 1683
f 1699 1683 1700
f 1700 1683 1684
f 1700 1684 832
f 832 1684 834
f 917 915 1701
f 1701 915 1685
f 1701 1685 1702
f 1702 1685 1686
f 1702 1686 1703
f 1703 1686 1687
f 1703 1687 1704
f 1704 1687 1688
f 1704 1688 1705
f 1705 1688 1689
f 1705 1689 1706
f 1706 1689 1690
f 1706 1690 1707
f 1707 1690 1691
f 1707 1691 1708
f 1708 1691 1692
f 1708 1692 1709
f 1709 1692 1693
f 1709 1693 1710
f 1710 1693 1694
f 1710 1694 1711
f 1711 1694 1695
f 1711 1695 1712
f 1712 1695 1696
f 1712 1696 1713
f 1713 1696 1697
f 1713 1697 1714
f 1714 1697 1698
f 1714 1698 1715
f 1715 1698 1699
f 1715 1699 1716
f 1716 1699 1700
f 1716 1700 830
f 830 1700 832
f 919 917 1717
f 1717 917 1701
f 1717 1701 1718
f 1718 1701 1702
f 1718 1702 1719
f 1719 1702 1703
f 1719 1703 1720
f 1720 1703 1704
f 1720 1704 1721
f 1721 1704 1705
f 1721 1705 1722
f 1722 1705 1706
f 1722 1706 1723
f 1723 1706 1707
f 1723 1707 1724
f 1724 1707 1708
f 1724 1708 1725
f 1725 1708 1709
f 1725 1709 1726
f 1726 1709 1710
f 1726 1710 1727
f 1727 1710 1711
f 1727 1711 1728
f 1728 1711 1712
f 1728 1712 1729
f 1729 1712 1713
f 1729 1713 1730
f 1730 1713 1714
f 1730 1714 1731
f 1731 1714 1715
f 1731 1715 1732
f 1732 1715 1716
f 1732 1716 828
f 828 1716 830
f 921 919 1733
f 1733 919 1717
f 1733 1717 1734
f 1734 1717 1718
f 1734 1718 1735
f 1735 1718 1719
f 1735 1719 1736
f 1736 1719 1720
f 1736 1720 1737
f 1737 1720 1721
f 1737 1721 1738
f 1738 1721 1722
f 1738 1722 1739
f 1739 1722 1723
f 1739 1723 1740
f 1740 1723 1724
f 1740 1724 1741
f 1741 1724 1725
f 1741 1725 1742
f 1742 1725 1726
f 1742 1726 1743
f 1743 1726 1727
f 1743 1727 1744
f 1744 1727 1728
f 1744 1728 1745
f 1745 1728 1729
f 1745 1729 1746
f 1746 1729 1730
f 1746 1730 1747
f 1747 1730 1731
f 1747 1731 1748
f 1748 1731 1732
f 1748 1732 826
f 826 1732 828
f 923 921 1749
f 1749 921 1733
f 1749 1733 1750
f 1750 1733 1734
f 1750 1734 1751
f 1751 1734 1735
f 1751 1735 1752
f 1752 1735 1736
f 1752 1736 1753
f 1753 1736 1737
f 1753 1737 1754
f 1754 1737 1738
f 1754 1738 1755
f 1755 1738 1739
f 1755 1739 1756
f 1756 1739 1740
f 1756 1740 1757
f 1757 1740 1741
f 1757 1741 1758
f 1758 1741 1742
f 1758 1742 1759
f 1759 1742 1743
f 1759 1743 1760
f 1760 1743 1744
f 1760 1744 1761
f 1761 1744 1745
f 1761 1745 1762
f 1762 1745 1746
f 1762 1746 1763
f 1763 1746 1747
f 1763 1747 1764
f 1764 1747 1748
f 1764 1748 824
f 824 1748 826
f 925 923 1765
f 1765 923 1749
f 1765 1749 1766
f 1766 1749 1750
f 1766 1750 1767
f 1767 1750 1751
f 1767 1751 1768
f 1768 1751 1752
f 1768 1752 1769
f 1769 1752 1753
f 1769 1753 1770
f 1770 1753 1754
f 1770 1754 1771
f 1771 1754 1755
f 1771 1755 1772
f 1772 1755 1756
f 1772 1756 1773
f 1773 1756 1757
f 1773 1757 1774
f 1774 1757 1758
f 1774 1758 1775
f 1775 1758 1759
f 1775 1759 1776
f 1776 1759 1760
f 1776 1760 1777
f 1777 1760 1761
f 1777 1761 1778
f 1778 1761 1762
f 1778 1762 1779
f 1779 1762 1763
f 1779 1763 1780
f 1780 1763 1764
f 1780 1764 822
f 822 1764 824
f 927 925 1781
f 1781 925 1765
f 1781 1765 1782
f 1782 1765 1766
f 1782 1766 1783
f 1783 1766 1767
f 1783 1767 1784
f 1784 1767 1768
f 1784 1768 1785
f 1785 1768 1769
f 1785 1769 1786
f 1786 1769 1770
f 1786 1770 1787
f 1787 1770 1771
f 1787 1771 1788
f 1788 1771 1772
f 1788 1772 1789
f 1789 1772 1773
f 1789 1773 1790
f 1790 1773 1774
f 1790 1774 1791
f 1791 1774 1775
f 1791 1775 1792
f 1792 1775 1776
f 1792 1776 1793
f 1793 1776 1777
f 1793 1777 1794
f 1794 1777 1778
f 1794 1778 1795
f 1795 1778 1779
f 1795 1779 1796
f 1796 1779 1780
f 1796 1780 820
f 820 1780 822
f 784 927 786
f 786 927 1781
f 786 1781 788
f 788 1781 1782
f 788 1782 790
f 790 1782 1783
f 790 1783 792
f 792 1783 1784
f 792 1784 794
f 794 1784 1785
f 794 1785 796
f 796 1785 1786
f 796 1786 798
f 798 1786 1787
f 798 1787 800
f 800 1787 1788
f 800 1788 802
f 802 1788 1789
f 802 1789 804
f 804 1789 1790
f 804 1790 806
f 806 1790 1791
f 806 1791 808
f 808 1791 1792
f 808 1792 810
f 810 1792 1793
f 810 1793 812
f 812 1793 1794
f 812 1794 814
f 814 1794 1795
f 814 1795 816
f 816 1795 1796
f 816 1796 818
f 818 1796 820
f 1323 1322 1279
f 1323 1279 1278
f 1159 1158 1797
f 1797 1158 1157
f 1797 1157 1798
f 1798 1157 1162
f 1798 1162 1799
f 1799 1162 1164
f 1799 1164 1166
f 1161 1159 1800
f 1800 1159 1797
f 1800 1797 1801
f 1801 1797 1798
f 1801 1798 1802
f 1802 1798 1799
f 1802 1799 1803
f 1803 1799 1166
f 1803 1166 1168
f 865 1161 1804
f 1804 1161 1800
f 1804 1800 1805
f 1805 1800 1801
f 1805 1801 1806
f 1806 1801 1802
f 1806 1802 1807
f 1807 1802 1803
f 1807 1803 1808
f 1808 1803 1168
f 1808 1168 1170
f 865 1804 863
f 863 1804 1809
f 863 1809 861
f 861 1809 1810
f 861 1810 859
f 859 1810 1811
f 859 1811 857
f 857 1811 1812
f 857 1812 855
f 855 1812 1813
f 855 1813 853
f 853 1813 1814
f 853 1814 851
f 851 1814 1815
f 851 1815 849
f 849 1815 1816
f 849 1816 847
f 847 1816 1817
f 847 1817 845
f 845 1817 1818
f 845 1818 843
f 843 1818 1231
f 1809 1804 1805
f 1274 1315 1275
f 1275 1315 1317
f 1275 1317 1276
f 1315 1274 1313
f 1313 1274 1273
f 1313 1273 1314
f 1314 1273 1272
f 1809 1805 1819
f 1819 1805 1806
f 1819 1806 1820
f 1820 1806 1807
f 1820 1807 1821
f 1821 1807 1808
f 1821 1808 1822
f 1822 1808 1170
f 1822 1170 1172
f 1820 1823 1819
f 1819 1823 1810
f 1819 1810 1809
f 1810 1823 1811
f 1811 1823 1824
f 1811 1824 1812
f 1812 1824 1825
f 1812 1825 1813
f 1813 1825 1826
f 1813 1826 1814
f 1814 1826 1827
f 1814 1827 1815
f 1815 1827 1828
f 1815 1828 1816
f 1816 1828 1829
f 1816 1829 1817
f 1817 1829 1830
f 1817 1830 1818
f 1818 1830 1230
f 1818 1230 1231
f 1823 1820 1831
f 1831 1820 1821
f 1831 1821 1832
f 1832 1821 1822
f 1832 1822 1833
f 1833 1822 1172
f 1833 1172 1174
f 1307 1309 1271
f 1307 1271 1270
f 1165 1187 1167
f 1167 1187 1834
f 1167 1834 1169
f 1169 1834 1835
f 1169 1835 1171
f 1171 1835 1836
f 1171 1836 1173
f 1173 1836 1837
f 1173 1837 1175
f 1175 1837 1838
f 1175 1838 1177
f 1177 1838 1839
f 1177 1839 1179
f 1179 1839 1222
f 1179 1222 1181
f 1823 1831 1824
f 1824 1831 1840
f 1824 1840 1825
f 1825 1840 1841
f 1825 1841 1826
f 1826 1841 1842
f 1826 1842 1827
f 1827 1842 1843
f 1827 1843 1828
f 1828 1843 1844
f 1828 1844 1829
f 1829 1844 1845
f 1829 1845 1830
f 1830 1845 1228
f 1830 1228 1230
f 1840 1831 1832
f 1306 1307 1270
f 1189 1191 1834
f 1834 1191 1835
f 1836 1835 1193
f 1193 1835 1191
f 1840 1832 1846
f 1846 1832 1833
f 1846 1833 1847
f 1847 1833 1174
f 1847 1174 1176
f 1840 1846 1841
f 1841 1846 1848
f 1841 1848 1842
f 1842 1848 1849
f 1842 1849 1843
f 1843 1849 1850
f 1843 1850 1844
f 1844 1850 1851
f 1844 1851 1845
f 1845 1851 1226
f 1845 1226 1228
f 1848 1846 1847
f 1303 1305 1268
f 1268 1305 1269
f 1303 1268 1267
f 1187 1189 1834
f 1206 1852 1204
f 1204 1852 1192
f 1204 1192 1190
f 1192 1852 1194
f 1194 1852 1853
f 1194 1853 1196
f 1196 1853 1854
f 1196 1854 1198
f 1198 1854 1220
f 1198 1220 1200
f 1852 1206 1855
f 1855 1206 1208
f 1855 1208 1856
f 1856 1208 1210
f 1856 1210 1214
f 1214 1210 1212
f 1836 1193 1195
f 1836 1195 1837
f 1837 1195 1197
f 1837 1197 1838
f 1838 1197 1199
f 1838 1199 1839
f 1839 1199 1201
f 1839 1201 1222
f 1848 1847 1857
f 1857 1847 1176
f 1857 1176 1178
f 1848 1857 1849
f 1849 1857 1858
f 1849 1858 1850
f 1850 1858 1859
f 1850 1859 1851
f 1851 1859 1224
f 1851 1224 1226
f 1858 1857 1178
f 1303 1267 1301
f 1301 1267 1266
f 1301 1266 1299
f 1299 1266 1265
f 1299 1265 1300
f 1300 1265 1264
f 1852 1855 1853
f 1853 1855 1860
f 1853 1860 1854
f 1854 1860 1218
f 1854 1218 1220
f 1860 1855 1856
f 1859 1858 1180
f 1180 1858 1178
f 1214 1216 1856
f 1856 1216 1860
f 1216 1218 1860
f 1224 1859 1182
f 1182 1859 1180
f 1154 1160 1155
f 1155 1160 869
f 1160 867 869
f 1861 1862 1863
f 1863 1862 1864
f 1863 1864 1865
f 1865 1864 1866
f 1867 1868 1869
f 1869 1868 1870
f 1869 1870 1871
f 1871 1870 1872
f 1871 1872 1873
f 1873 1872 1874
f 1873 1874 1875
f 1875 1874 1876
f 1875 1876 1877
f 1861 1878 1862
f 1862 1878 1879
f 1862 1879 1880
f 1880 1879 1881
f 1880 1881 1882
f 1882 1881 1883
f 1882 1883 1884
f 1884 1883 1885
f 1884 1885 1886
f 1886 1885 1887
f 1887 1885 1888
f 1888 1885 1889
f 1888 1889 1890
f 1890 1889 1891
f 1890 1891 1892
f 1892 1891 1893
f 1892 1893 1894
f 1894 1893 1895
f 1894 1895 1896
f 1896 1895 1897
f 1896 1897 1898
f 1898 1897 1899
f 1898 1899 1900
f 1900 1899 1901
f 1900 1901 1902
f 1902 1901 1903
f 1902 1903 1904
f 1904 1903 1905
f 1904 1905 1906
f 1906 1905 1907
f 1906 1907 1908
f 1908 1907 1909
f 1908 1909 1910
f 1910 1909 1911
f 1910 1911 1912
f 1878 1913 1879
f 1879 1913 1914
f 1879 1914 1881
f 1881 1914 1915
f 1881 1915 1883
f 1883 1915 1916
f 1883 1916 1885
f 1885 1916 1889
f 1914 1913 1917
f 1917 1913 1918
f 1917 1918 1919
f 1919 1918 1920
f 1919 1920 1921
f 1921 1920 1922
f 1921 1922 1923
f 1923 1922 1924
f 1923 1924 1925
f 1926 1927 1925
f 1925 1927 1928
f 1925 1928 1923
f 1923 1928 1929
f 1923 1929 1930
f 1930 1929 1931
f 1930 1931 1932
f 1932 1931 1893
f 1932 1893 1891
f 1927 1926 1933
f 1933 1926 1934
f 1933 1934 1905
f 1905 1934 1907
f 1912 1935 1910
f 1910 1935 1936
f 1910 1936 1937
f 1937 1936 1938
f 1937 1938 1939
f 1939 1938 1940
f 1939 1940 1941
f 1941 1940 1942
f 1941 1942 1943
f 1943 1942 1944
f 1944 1942 1945
f 1945 1942 1946
f 1946 1942 1940
f 1946 1940 1938
f 1936 1935 1938
f 1938 1935 1946
f 1941 1943 1947
f 1947 1943 1948
f 1947 1948 1949
f 1949 1948 1950
f 1949 1950 1951
f 1952 1953 1951
f 1951 1953 1954
f 1951 1954 1949
f 1949 1954 1955
f 1949 1955 1956
f 1956 1955 1957
f 1956 1957 1937
f 1937 1957 1910
f 1953 1952 1900
f 1900 1952 1898
f 1958 1959 1960
f 1960 1959 1961
f 1886 1962 1963
f 1963 1962 1964
f 1963 1964 1882
f 1882 1964 1880
f 1959 1958 1965
f 1965 1958 1966
f 1965 1966 1876
f 1877 1967 1875
f 1875 1967 1968
f 1875 1968 1969
f 1969 1968 1970
f 1969 1970 1971
f 1971 1972 1969
f 1969 1972 1973
f 1969 1973 1974
f 1974 1973 1975
f 1974 1975 1976
f 1976 1975 1977
f 1976 1977 1978
f 1978 1977 1979
f 1978 1979 1980
f 1980 1979 1981
f 1981 1979 1982
f 1981 1982 1983
f 1983 1982 1984
f 1983 1984 1985
f 1985 1984 1986
f 1985 1986 1987
f 1987 1986 1988
f 1987 1988 1989
f 1989 1988 1990
f 1989 1990 1991
f 1972 1992 1973
f 1973 1992 1993
f 1973 1993 1994
f 1994 1995 1973
f 1973 1995 1996
f 1973 1996 1997
f 1997 1998 1973
f 1973 1998 1999
f 1973 1999 1975
f 1975 1999 2000
f 1975 2000 1977
f 1977 2000 2001
f 1977 2001 1979
f 1979 2001 1982
f 1998 2002 1999
f 1999 2002 2003
f 1999 2003 2004
f 2004 2003 2005
f 2004 2005 2006
f 2006 2005 2007
f 2006 2007 1988
f 1988 2007 1990
f 1946 2008 1991
f 1991 2008 2009
f 1991 2009 1989
f 1989 2009 2010
f 1989 2010 1987
f 1987 2010 2011
f 1987 2011 1985
f 1985 2011 2012
f 1985 2012 1983
f 1983 2012 1981
f 2008 1946 2013
f 2013 1946 1935
f 2013 1935 2014
f 2014 1935 2015
f 2014 2015 2016
f 2016 2015 2017
f 2016 2017 2018
f 2018 2017 2019
f 2018 2019 2020
f 2020 2019 2021
f 2020 2021 2012
f 2012 2021 1981
f 1935 2017 2015
f 1978 1980 2022
f 2022 1980 2023
f 2022 2023 2024
f 2024 2023 2025
f 2024 2025 2026
f 2026 2025 1869
f 2026 1869 1871
f 2025 1867 1869
f 1884 1886 1963
f 1962 2027 1964
f 1964 2027 2028
f 1964 2028 1880
f 1880 2028 1862
f 2029 1961 1959
f 2027 2030 2028
f 2028 2030 1864
f 2028 1864 1862
f 1870 1868 2031
f 2030 1866 1864
f 2031 2029 2032
f 2032 2029 1959
f 2032 1959 1965
f 1870 2031 2032
f 1910 1957 1908
f 1908 1957 2033
f 1908 2033 1906
f 1906 2033 1904
f 1905 1903 1933
f 1933 1903 2034
f 1933 2034 1927
f 1927 2034 2035
f 1927 2035 1928
f 1928 2035 1929
f 1923 1930 1921
f 1921 1930 2036
f 1921 2036 1919
f 1919 2036 2037
f 1919 2037 1917
f 1917 2037 1915
f 1917 1915 1914
f 1882 1884 1963
f 1891 1889 2038
f 2038 1889 1916
f 2038 1916 2037
f 2037 1916 1915
f 1893 1931 1895
f 1895 1931 2039
f 1895 2039 1897
f 1897 2039 2040
f 1897 2040 1899
f 1899 2040 1901
f 1900 1902 1953
f 1953 1902 2041
f 1953 2041 1954
f 1954 2041 1955
f 1939 1941 1947
f 1939 1947 1956
f 1956 1947 1949
f 2009 2008 2042
f 2042 2008 2013
f 2042 2013 2043
f 2043 2013 2014
f 2043 2014 2016
f 1988 1986 2006
f 2006 1986 2044
f 2006 2044 2004
f 2004 2044 2000
f 2004 2000 1999
f 1965 1876 1874
f 1875 1969 2045
f 2045 1969 1974
f 2045 1974 2046
f 2046 1974 1976
f 2046 1976 2022
f 2022 1976 1978
f 2032 1965 1872
f 1872 1965 1874
f 2046 2022 2024
f 2024 2026 2047
f 2047 2026 1871
f 2047 1871 1873
f 1984 1982 2001
f 2012 2011 2020
f 2020 2011 2048
f 2020 2048 2018
f 2018 2048 2043
f 2018 2043 2016
f 1956 1937 1939
f 1957 1955 2033
f 2033 1955 2041
f 2033 2041 1904
f 1904 2041 1902
f 1903 1901 2034
f 2034 1901 2040
f 2034 2040 2035
f 2035 2040 2039
f 2035 2039 1929
f 1929 2039 1931
f 2038 2037 2036
f 2038 2036 1932
f 1932 2036 1930
f 1891 2038 1932
f 2009 2042 2010
f 2010 2042 2048
f 2010 2048 2011
f 2048 2042 2043
f 2001 2000 2044
f 2001 2044 1984
f 1984 2044 1986
f 2047 1873 2045
f 2045 1873 1875
f 2047 2045 2046
f 1870 2032 1872
f 2024 2047 2046
f 2049 2050 2051
f 2051 2050 2052
f 2051 2052 2053
f 2053 2052 2054
f 2053 2054 2055
f 2055 2054 2056
f 2055 2056 2057
f 2057 2058 2055
f 2055 2058 2059
f 2059 2058 2060
f 2059 2060 2061
f 2062 2063 2064
f 2064 2063 2065
f 2065 2063 2066
f 2065 2066 2067
f 2067 2066 2068
f 2067 2068 2069
f 2069 2068 2070
f 2069 2070 2071

